type,lots,original_position_size,symbol,opening_price,closing_price,stop_loss,take_profit,commission_usd,profit_usd,close_reason,opening_time_bd,closing_time_bd
sell,0.01,0.01,BTCUSD,77444.69,77786.92,78237.99,,-0.16,-3.42,user,2026-02-01 21:54:54.762000+06:00,2026-02-01 21:57:39.540000+06:00
sell,0.05,0.05,BTCUSD,77405.32,77509.95,78232.09,,-0.8,-5.23,user,2026-02-01 22:30:55.426000+06:00,2026-02-01 22:31:21.533000+06:00
sell,0.03,0.05,BTCUSD,77489.96,77254.68000000001,77510.57,75472.73,,7.06,user,2026-02-01 22:38:33.181000+06:00,2026-02-01 22:54:48.260000+06:00
sell,0.02,0.05,BTCUSD,77489.96,77275.54000000001,77510.57,75472.73,-0.8,4.29,user,2026-02-01 22:38:33.181000+06:00,2026-02-01 22:54:56.112000+06:00
sell,0.04,0.04,BTCUSD,77372.45,77302.26,77719.36,76807.61,-0.64,2.81,user,2026-02-01 23:22:21.196000+06:00,2026-02-01 23:24:06.092000+06:00
buy,0.01,0.01,BTCUSD,77483.06,77358.16,77361.34,77847.75,-0.16,-1.25,sl,2026-02-01 23:29:34.931000+06:00,2026-02-01 23:31:47.093000+06:00
sell,0.05,0.05,BTCUSD,77456.84,77315.74,77565.76,77067.2,-0.8,7.05,user,2026-02-01 23:32:33.857000+06:00,2026-02-01 23:34:37.735000+06:00
sell,0.03,0.05,BTCUSD,77399.46,77320.77,77607.05,76067.05,,2.36,user,2026-02-01 23:32:05.914000+06:00,2026-02-01 23:35:15.718000+06:00
sell,0.02,0.05,BTCUSD,77399.46,77449.05,77607.05,76067.05,-0.8,-0.99,user,2026-02-01 23:32:05.914000+06:00,2026-02-01 23:41:13.016000+06:00
sell,0.03,0.03,BTCUSD,77411.08,77491.2,77483.76,77214.84,-0.48,-2.41,sl,2026-02-01 23:43:53.628000+06:00,2026-02-01 23:46:14.733000+06:00
sell,0.05,0.05,BTCUSD,77447.6,77322.63,77511.62,77322.63,-0.8,6.25,tp,2026-02-01 23:48:20.592000+06:00,2026-02-01 23:49:13.695000+06:00
sell,0.01,0.01,XAUUSD,4720.053,4733.228,4732.762,,-0.11,-13.18,sl,2026-02-02 05:30:53.755000+06:00,2026-02-02 05:32:16.151000+06:00
sell,0.01,0.01,XAUUSD,4768.54,4727.781,4760.647,,-0.11,40.76,user,2026-02-02 05:45:35.936000+06:00,2026-02-02 05:48:54.680000+06:00
sell,0.01,0.01,XAUUSD,4744.666,4756.812,4756.311,,-0.11,-12.14,sl,2026-02-02 05:51:55.661000+06:00,2026-02-02 05:52:15.084000+06:00
sell,0.01,0.01,XAUUSD,4852.558,4839.461,4879.728,4792.526,-0.11,13.1,user,2026-02-02 06:26:25.288000+06:00,2026-02-02 06:28:40.967000+06:00
sell,0.01,0.01,XAUUSD,4833.865,4829.212,4846.277,4793.153,-0.11,4.66,user,2026-02-02 06:39:22.882000+06:00,2026-02-02 06:40:57.681000+06:00
sell,0.01,0.01,XAUUSD,4810.515,4797.921,4833.735,4752.064,-0.11,12.6,user,2026-02-02 06:44:06.941000+06:00,2026-02-02 06:44:52.908000+06:00
sell,0.01,0.01,XAUUSD,4802.59,4797.937,4821.546,4781.929,-0.11,4.65,user,2026-02-02 06:45:36.058000+06:00,2026-02-02 06:45:43+06:00
sell,0.01,0.01,XAUUSD,4796.265,4785.253,4808.746,4774.764,-0.11,11.02,user,2026-02-02 06:50:39.682000+06:00,2026-02-02 06:51:26.962000+06:00
sell,0.01,0.01,XAUUSD,4726.901,4717.453,4750.796,4663.103,-0.11,9.45,user,2026-02-02 08:02:29.018000+06:00,2026-02-02 08:07:08.469000+06:00
sell,0.01,0.01,XAUUSD,4720.499,4741.922,4741.922,4671.944,-0.11,-21.42,sl,2026-02-02 08:08:48.183000+06:00,2026-02-02 08:16:31.160000+06:00
sell,0.01,0.01,XAUUSD,4725.562,4753.448,4750.961,4647.244,-0.11,-27.89,sl,2026-02-02 08:18:18.459000+06:00,2026-02-02 08:32:01.979000+06:00
sell,0.01,0.01,XAUUSD,4755.059,4772.245,4771.143,4744.224,-0.11,-17.19,sl,2026-02-02 08:38:20.092000+06:00,2026-02-02 08:42:55.697000+06:00
sell,0.01,0.01,XAUUSD,4754.713,4737.019,4765.867,4691.179,-0.11,17.69,user,2026-02-02 08:46:04.410000+06:00,2026-02-02 08:48:45.911000+06:00
buy,0.01,0.01,XAUUSD,4709.35,4714.269,4703.565,4718.749,-0.11,4.92,user,2026-02-02 09:12:03.326000+06:00,2026-02-02 09:13:05.577000+06:00
buy,0.01,0.01,XAUUSD,4541.073,4552.352,,,-0.11,11.28,user,2026-02-02 11:58:17.164000+06:00,2026-02-02 11:58:31.773000+06:00
buy,0.01,0.01,XAUUSD,4552.378,4566.695,4539.429,4590.722,-0.11,14.32,user,2026-02-02 12:00:08.337000+06:00,2026-02-02 12:00:58.124000+06:00
buy,0.01,0.01,XAUUSD,4536.869,4561.611,4521.219,4577.543,-0.11,24.74,user,2026-02-02 12:09:03.050000+06:00,2026-02-02 12:09:47.914000+06:00
buy,0.01,0.01,XAUUSD,4538.659,4537.835,,,-0.11,-0.82,user,2026-02-02 12:14:40.821000+06:00,2026-02-02 12:14:45.917000+06:00
sell,0.01,0.01,XAUUSD,4529.179,4524.812,4543.663,4495.386,-0.11,4.37,user,2026-02-02 12:17:04.416000+06:00,2026-02-02 12:19:32.211000+06:00
buy,0.01,0.01,XAUUSD,4458.55,4438.679,4438.679,4495.685,-0.11,-19.87,sl,2026-02-02 12:45:08.317000+06:00,2026-02-02 12:49:12.405000+06:00
buy,0.01,0.01,XAUUSD,4443.055,4469.821,4429.893,4493.157,-0.11,26.76,user,2026-02-02 12:50:07.267000+06:00,2026-02-02 12:50:44.260000+06:00
buy,0.01,0.01,XAUUSD,4504.25,4499.555,4499.555,4556.385,-0.11,-4.69,sl,2026-02-02 12:58:53.909000+06:00,2026-02-02 12:59:04.649000+06:00
sell,0.01,0.01,XAUUSD,4535.775,4556.031,4556.031,4490.335,-0.11,-20.25,sl,2026-02-02 13:15:20.419000+06:00,2026-02-02 13:15:49.164000+06:00
sell,0.01,0.01,XAUUSD,4536.889,4554.655,4553.924,4488.224,-0.11,-17.77,sl,2026-02-02 13:17:02.386000+06:00,2026-02-02 13:24:25.386000+06:00
sell,0.01,0.01,XAUUSD,4562.193,4574.998,4574.998,4509.298,-0.11,-12.81,sl,2026-02-02 13:39:03.797000+06:00,2026-02-02 13:40:34.754000+06:00
sell,0.01,0.01,XAUUSD,4577.229,4592.657,4592.418,4491.811,-0.11,-15.43,sl,2026-02-02 13:42:09.970000+06:00,2026-02-02 13:45:48.746000+06:00
sell,0.01,0.01,XAUUSD,4591.275,4586.036,4593.853,4570.715,-0.11,5.24,user,2026-02-02 13:51:46.414000+06:00,2026-02-02 13:53:25.923000+06:00
sell,0.01,0.01,XAUUSD,4585.014,4578.303,4599.287,4555.853,-0.11,6.71,user,2026-02-02 14:01:11.396000+06:00,2026-02-02 14:01:39.030000+06:00
sell,0.01,0.01,XAUUSD,4589.507,4594.152,4596.795,4546.597,-0.11,-4.64,user,2026-02-02 14:00:04.128000+06:00,2026-02-02 14:07:21.327000+06:00
sell,0.01,0.01,XAUUSD,4614.888,4631.095,4631.095,4546.965,-0.11,-16.21,sl,2026-02-02 14:17:47.488000+06:00,2026-02-02 14:19:53.901000+06:00
sell,0.01,0.01,XAUUSD,4640.205,4626.812,4651.078,4566.948,-0.11,13.4,user,2026-02-02 14:32:58.550000+06:00,2026-02-02 14:35:06.974000+06:00
sell,0.01,0.01,XAUUSD,4618.298,4611.302,4630.883,4545.336,-0.11,7.0,user,2026-02-02 14:37:53.816000+06:00,2026-02-02 14:38:13.780000+06:00
sell,0.01,0.01,XAUUSD,4623.919,4631.89,4631.55,4554.493,-0.11,-7.97,sl,2026-02-02 14:41:20.863000+06:00,2026-02-02 14:41:57.575000+06:00
buy,0.01,0.01,XAUUSD,4633.895,4641.0160000000005,4625.912,4684.887,-0.11,7.12,user,2026-02-02 14:42:31.195000+06:00,2026-02-02 14:42:42.527000+06:00
sell,0.01,0.01,XAUUSD,4636.095,4646.479,4650.863,4603.519,-0.11,-10.38,user,2026-02-02 14:45:47.427000+06:00,2026-02-02 14:46:59.341000+06:00
sell,0.01,0.02,XAUUSD,4641.519,4643.003,4650.488,,,-1.48,user,2026-02-02 14:48:04.824000+06:00,2026-02-02 14:48:44.233000+06:00
sell,0.01,0.02,XAUUSD,4641.519,4650.488,4650.488,,-0.22,-8.97,sl,2026-02-02 14:48:04.824000+06:00,2026-02-02 14:51:07.853000+06:00
sell,0.01,0.02,XAUUSD,4630.609,4629.585,4639.909,4580.939,,1.02,user,2026-02-02 14:52:04.505000+06:00,2026-02-02 14:52:11.871000+06:00
sell,0.01,0.02,XAUUSD,4630.609,4637.849,4639.909,4580.939,-0.22,-7.24,user,2026-02-02 14:52:04.505000+06:00,2026-02-02 14:53:03.492000+06:00
buy,0.01,0.01,XAUUSD,4649.985,4636.5650000000005,4636.932,4672.957,-0.11,-13.42,sl,2026-02-02 14:54:12.585000+06:00,2026-02-02 14:55:45.304000+06:00
sell,0.01,0.01,XAUUSD,4615.663,4623.021,4645.693,4565.777,-0.11,-7.36,user,2026-02-02 15:03:05.137000+06:00,2026-02-02 15:04:28.339000+06:00
sell,0.01,0.01,XAUUSD,4627.677,4629.314,4641.396,4575.761,-0.11,-1.63,user,2026-02-02 15:04:58.090000+06:00,2026-02-02 15:05:27.588000+06:00
buy,0.01,0.02,XAUUSD,4633.15,4635.059,4623.035,4647.066,,1.91,user,2026-02-02 15:05:39.095000+06:00,2026-02-02 15:05:58.595000+06:00
buy,0.01,0.02,XAUUSD,4633.15,4623.669,4623.035,4647.066,-0.22,-9.48,user,2026-02-02 15:05:39.095000+06:00,2026-02-02 15:06:45.645000+06:00
sell,0.01,0.01,XAUUSD,4630.793,4637.963,4637.963,4577.219,-0.11,-7.17,sl,2026-02-02 15:10:15.824000+06:00,2026-02-02 15:10:38.318000+06:00
sell,0.01,0.01,XAUUSD,4624.664,4637.048,4651.559,,-0.11,-12.39,user,2026-02-02 15:07:28.732000+06:00,2026-02-02 15:10:41.475000+06:00
buy,0.03,0.03,XAUUSD,4640.836,4642.843,4629.372,4691.192,-0.33,6.02,user,2026-02-02 15:11:02.096000+06:00,2026-02-02 15:11:06.679000+06:00
buy,0.01,0.01,XAGUSD,78.061,78.20400000000001,77.807,78.733,-1.0,7.15,user,2026-02-02 15:11:36.954000+06:00,2026-02-02 15:12:41.695000+06:00
sell,0.01,0.01,XAGUSD,77.998,77.783,78.268,77.534,-1.0,10.75,user,2026-02-02 15:13:27.443000+06:00,2026-02-02 15:13:55.006000+06:00
sell,0.01,0.01,XAGUSD,77.365,77.886,77.886,76.66,-1.0,-26.05,sl,2026-02-02 15:16:04.376000+06:00,2026-02-02 15:17:25.939000+06:00
buy,0.01,0.01,XAGUSD,77.891,77.612,77.612,78.72,-1.0,-13.95,sl,2026-02-02 15:19:04.723000+06:00,2026-02-02 15:19:24.967000+06:00
buy,0.01,0.01,XAGUSD,78.034,77.756,77.756,78.864,-1.0,-13.9,sl,2026-02-02 15:20:06.216000+06:00,2026-02-02 15:20:29.703000+06:00
sell,0.01,0.01,XAGUSD,78.186,78.56200000000001,,77.372,-1.0,-18.8,user,2026-02-02 15:22:51.522000+06:00,2026-02-02 15:24:38.972000+06:00
sell,0.01,0.01,XAGUSD,77.528,78.56200000000001,,76.778,-1.0,-51.7,user,2026-02-02 15:20:48.792000+06:00,2026-02-02 15:24:39.045000+06:00
buy,0.01,0.01,XAGUSD,78.467,78.899,78.537,79.085,-1.0,21.6,user,2026-02-02 15:25:12.769000+06:00,2026-02-02 15:26:29.385000+06:00
buy,0.01,0.01,XAGUSD,79.145,79.428,78.798,79.81,-1.0,14.15,user,2026-02-02 15:30:24.092000+06:00,2026-02-02 15:30:50.820000+06:00
buy,0.01,0.01,XAGUSD,79.518,79.288,78.912,,-1.0,-11.5,user,2026-02-02 15:35:16.112000+06:00,2026-02-02 15:35:33.369000+06:00
buy,0.02,0.03,XAUUSD,4692.008,4697.576,4683.654,4714.843,,11.13,user,2026-02-02 15:36:17.730000+06:00,2026-02-02 15:37:05.997000+06:00
buy,0.01,0.03,XAUUSD,4692.008,4699.551,4683.654,4714.843,-0.33,7.54,user,2026-02-02 15:36:17.730000+06:00,2026-02-02 15:37:40.607000+06:00
buy,0.03,0.03,XAUUSD,4709.658,4709.455,4670.074,4744.164,-0.33,-0.6,user,2026-02-02 15:41:03.998000+06:00,2026-02-02 15:41:09.748000+06:00
buy,0.05,0.05,XAUUSD,4712.931,4704.099,4699.734,4748.688,-0.55,-44.16,user,2026-02-02 15:41:18.065000+06:00,2026-02-02 15:41:46.830000+06:00
buy,0.05,0.05,XAUUSD,4702.282,4694.073,4689.577,4738.531,-0.55,-41.04,so,2026-02-02 15:42:03.574000+06:00,2026-02-02 15:42:17.991000+06:00
buy,0.01,0.01,XAUUSD,4681.703,4672.049,4672.293,4748.76,-0.11,-9.65,sl,2026-02-02 16:30:31.522000+06:00,2026-02-02 16:36:45.805000+06:00
sell,0.05,0.05,XAUUSD,4673.556,4681.0,4688.222,4627.032,-0.55,-37.22,so,2026-02-02 16:38:16.875000+06:00,2026-02-02 16:38:52.953000+06:00
buy,0.02,0.02,XAUUSD,4780.015,4775.963,4774.468,4788.693,-0.22,-8.1,user,2026-02-02 18:27:27.027000+06:00,2026-02-02 18:28:41.687000+06:00
buy,0.01,0.01,XAUUSD,4776.725,4783.9490000000005,4772.45,4786.933,-0.11,7.22,user,2026-02-02 18:31:08.085000+06:00,2026-02-02 18:31:53.636000+06:00
sell,0.01,0.01,XAUUSD,4774.505,4779.505,4780.322,4763.687,-0.11,-5.0,user,2026-02-02 18:36:11.579000+06:00,2026-02-02 18:38:06.923000+06:00
sell,0.01,0.01,XAUUSD,4769.933,4753.033,4772.802,4737.221,-0.11,16.9,user,2026-02-02 19:17:05.452000+06:00,2026-02-02 19:19:02.565000+06:00
sell,0.01,0.01,XAUUSD,4739.682,4721.0650000000005,4761.993,4686.376,-0.11,18.61,user,2026-02-02 19:25:37.221000+06:00,2026-02-02 19:32:02.325000+06:00
buy,0.01,0.01,XAUUSD,4727.99,4721.744,4704.13,4781.46,-0.11,-6.25,user,2026-02-02 20:15:10.420000+06:00,2026-02-02 20:15:58.286000+06:00
sell,0.01,0.01,XAUUSD,4710.711,4694.722,4711.105,4661.358,-0.11,15.99,user,2026-02-02 20:19:17.253000+06:00,2026-02-02 20:22:00.521000+06:00
buy,0.01,0.01,XAUUSD,4744.868,4747.104,4730.919,4788.92,-0.11,2.23,user,2026-02-02 20:33:21.942000+06:00,2026-02-02 20:33:34.591000+06:00
sell,0.01,0.01,XAUUSD,4710.812,4710.262,4722.841,4667.66,-0.11,0.55,user,2026-02-02 21:11:53.828000+06:00,2026-02-02 21:12:55.830000+06:00
sell,0.01,0.01,XAUUSD,4696.745,4708.57,4713.897,4650.329,-0.11,-11.82,user,2026-02-02 21:14:02.615000+06:00,2026-02-02 21:14:24.189000+06:00
sell,0.01,0.01,XAUUSD,4718.042,4724.1,4731.833,4668.263,-0.11,-6.06,user,2026-02-02 21:16:46.485000+06:00,2026-02-02 21:16:59.375000+06:00
buy,0.01,0.01,XAUUSD,4724.668,4717.999,4717.999,4772.905,-0.11,-6.67,sl,2026-02-02 21:17:24.592000+06:00,2026-02-02 21:17:37.155000+06:00
sell,0.01,0.02,XAUUSD,4713.284,4706.112,4725.672,4667.974,,7.17,user,2026-02-02 21:17:48.683000+06:00,2026-02-02 21:18:14.137000+06:00
sell,0.01,0.02,XAUUSD,4713.284,4708.381,4725.672,4667.974,-0.22,4.9,user,2026-02-02 21:17:48.683000+06:00,2026-02-02 21:18:19.719000+06:00
sell,0.01,0.01,XAUUSD,4694.722,4699.502,4706.35,4648.65,-0.11,-4.78,user,2026-02-02 21:23:32.681000+06:00,2026-02-02 21:24:51.144000+06:00
buy,0.01,0.01,XAUUSD,4702.634,4705.777,4696.432,4744.67,-0.11,3.15,user,2026-02-02 21:25:09.319000+06:00,2026-02-02 21:25:33.172000+06:00
sell,0.01,0.01,XAUUSD,4688.371,4657.137,4685.791,4642.355,-0.11,31.23,user,2026-02-02 21:28:03.909000+06:00,2026-02-02 21:31:00.723000+06:00
sell,0.01,0.01,XAUUSD,4653.233,4659.900000000001,,,-0.11,-6.67,user,2026-02-02 21:49:07.387000+06:00,2026-02-02 21:49:22.074000+06:00
sell,0.01,0.01,XAUUSD,4652.59,4658.917,4663.472,,-0.11,-6.33,user,2026-02-02 21:50:24.467000+06:00,2026-02-02 21:51:00.637000+06:00
sell,0.01,0.01,XAUUSD,4615.271,4607.167,4640.8,,-0.11,8.1,user,2026-02-02 22:00:49.510000+06:00,2026-02-02 22:02:33.959000+06:00
buy,0.01,0.01,XAUUSD,4675.965,4683.044,4668.416,4708.882,-0.11,7.07,user,2026-02-02 22:10:48.472000+06:00,2026-02-02 22:11:01.946000+06:00
sell,0.01,0.01,XAUUSD,4661.121,4673.001,4673.001,4626.128,-0.11,-11.88,sl,2026-02-02 22:36:48.627000+06:00,2026-02-02 22:38:12.270000+06:00
buy,0.01,0.01,XAUUSD,4662.321,4663.892,4649.784,4683.286,-0.11,1.57,user,2026-02-02 22:48:57.290000+06:00,2026-02-02 22:54:01.633000+06:00
buy,0.01,0.01,XAUUSD,4697.687,4705.951,4688.108,4749.946,-0.11,8.26,user,2026-02-02 23:06:38.726000+06:00,2026-02-02 23:08:43.220000+06:00
sell,0.01,0.01,XAUUSD,4679.956,4678.393,,,-0.11,1.57,user,2026-02-02 23:22:04.946000+06:00,2026-02-02 23:22:21.213000+06:00
sell,0.01,0.01,XAUUSD,4669.6,4663.976000000001,,,-0.11,5.62,user,2026-02-02 23:37:10.174000+06:00,2026-02-02 23:37:27.348000+06:00
buy,0.01,0.01,XAUUSD,4679.735,4682.526,,,-0.11,2.79,user,2026-02-02 23:52:42.092000+06:00,2026-02-02 23:52:49.129000+06:00
sell,0.01,0.01,XAUUSD,4654.273,4670.788,4670.788,4574.564,-0.11,-16.52,sl,2026-02-03 00:05:58.247000+06:00,2026-02-03 00:10:55.738000+06:00
sell,0.01,0.01,XAUUSD,4649.74,4633.764,4653.058,4593.589,-0.11,15.98,user,2026-02-03 00:13:04.402000+06:00,2026-02-03 00:17:42.301000+06:00
sell,0.01,0.01,XAUUSD,4635.045,4638.457,4665.677,4569.457,-0.11,-3.41,user,2026-02-03 00:22:08.314000+06:00,2026-02-03 00:22:24.925000+06:00
sell,0.01,0.01,XAUUSD,4634.439,4631.649,4643.129,4577.209,-0.11,2.79,user,2026-02-03 00:25:41.103000+06:00,2026-02-03 00:26:06.766000+06:00
sell,0.01,0.01,XAUUSD,4632.57,4630.499,4640.424,4614.006,-0.11,2.07,user,2026-02-03 00:28:11.038000+06:00,2026-02-03 00:29:25.619000+06:00
sell,0.01,0.01,XAUUSD,4656.267,4652.162,,,-0.11,4.11,user,2026-02-03 00:45:09.308000+06:00,2026-02-03 00:45:45.678000+06:00
sell,0.01,0.01,XAUUSD,4661.06,4656.113,4671.975,4642.192,-0.11,4.95,user,2026-02-03 00:50:32.080000+06:00,2026-02-03 00:52:01.584000+06:00
sell,0.01,0.01,XAUUSD,4650.726,4643.796,4655.818,4616.524,-0.11,6.93,user,2026-02-03 01:00:30.059000+06:00,2026-02-03 01:02:00.469000+06:00
sell,0.01,0.01,XAUUSD,4645.173,4649.385,4660.827,,-0.11,-4.22,user,2026-02-03 01:07:03.518000+06:00,2026-02-03 01:07:20.341000+06:00
sell,0.01,0.01,XAUUSD,4646.935,4645.053000000001,4646.589,,-0.11,1.89,user,2026-02-03 01:09:22.497000+06:00,2026-02-03 01:10:02.925000+06:00
buy,0.01,0.01,XAUUSD,4657.758,4660.178,4652.71,,-0.11,2.42,user,2026-02-03 01:11:11.859000+06:00,2026-02-03 01:12:25.163000+06:00
sell,0.01,0.01,XAUUSD,4651.623,4645.409,4654.035,4636.734,-0.11,6.21,user,2026-02-03 01:14:16.246000+06:00,2026-02-03 01:15:42.566000+06:00
sell,0.01,0.01,XAUUSD,4648.629,4641.253,4648.397,4637.839,-0.11,7.38,user,2026-02-03 01:26:08.322000+06:00,2026-02-03 01:26:44.764000+06:00
sell,0.01,0.01,XAUUSD,4641.694,4644.5560000000005,,,-0.11,-2.87,user,2026-02-03 01:28:28.920000+06:00,2026-02-03 01:28:33.701000+06:00
buy,0.01,0.01,XAUUSD,4714.268,4720.965,,,-0.11,6.7,user,2026-02-03 05:08:20.417000+06:00,2026-02-03 05:08:42.943000+06:00
buy,0.01,0.01,XAUUSD,4704.992,4748.002,4707.534,4796.239,-0.11,43.01,user,2026-02-03 05:07:41.207000+06:00,2026-02-03 05:23:49.162000+06:00
buy,0.01,0.01,XAUUSD,4777.336,4776.51,4777.652,,-0.11,-0.83,sl,2026-02-03 06:00:09.260000+06:00,2026-02-03 06:01:12.511000+06:00
buy,0.01,0.01,XAUUSD,4785.181,4793.62,4772.352,,-0.11,8.44,user,2026-02-03 06:03:05.066000+06:00,2026-02-03 06:04:25.384000+06:00
buy,0.01,0.01,XAUUSD,4786.736,4778.9130000000005,4779.618,,-0.11,-7.83,sl,2026-02-03 06:05:26.336000+06:00,2026-02-03 06:06:06.456000+06:00
buy,0.01,0.01,XAUUSD,4782.762,4778.6720000000005,4779.305,,-0.11,-4.09,sl,2026-02-03 06:08:04.131000+06:00,2026-02-03 06:09:01.058000+06:00
buy,0.01,0.01,XAUUSD,4780.736,4791.537,4768.777,4805.842,-0.11,10.8,user,2026-02-03 09:31:12.600000+06:00,2026-02-03 09:37:20.009000+06:00
buy,0.01,0.01,XAUUSD,4882.877,4884.789,,,-0.11,1.91,user,2026-02-03 13:07:26.356000+06:00,2026-02-03 13:09:46.578000+06:00
buy,0.01,0.01,XAUUSD,4883.99,4891.495,4882.608,,-0.11,7.51,user,2026-02-03 13:19:22.021000+06:00,2026-02-03 13:23:54.508000+06:00
sell,0.01,0.01,XAUUSD,4914.71,4915.3330000000005,4920.794,4906.508,-0.11,-0.62,user,2026-02-03 13:53:04.704000+06:00,2026-02-03 13:53:52.236000+06:00
sell,0.01,0.01,XAUUSD,4917.239,4921.863,4921.863,4901.596,-0.11,-4.62,sl,2026-02-03 13:57:28.750000+06:00,2026-02-03 13:58:36.551000+06:00
sell,0.01,0.01,XAUUSD,4910.327,4901.085,4912.232,4893.487,-0.11,9.24,user,2026-02-03 14:00:55.789000+06:00,2026-02-03 14:06:24.029000+06:00
sell,0.01,0.01,XAUUSD,4931.85,4935.741,4935.741,4921.481,-0.11,-3.89,sl,2026-02-03 14:31:38.925000+06:00,2026-02-03 14:33:18.444000+06:00
sell,0.01,0.01,XAUUSD,4931.417,4939.724,4938.979,4920.803,-0.11,-8.3,sl,2026-02-03 14:34:13.164000+06:00,2026-02-03 14:36:05.627000+06:00
buy,0.01,0.01,XAUUSD,4942.679,4939.218,4939.218,4953.477,-0.11,-3.46,sl,2026-02-03 14:41:19.820000+06:00,2026-02-03 14:41:40.497000+06:00
buy,0.01,0.01,XAUUSD,4945.828,4938.703,4939.29,4953.909,-0.11,-7.13,sl,2026-02-03 14:42:44.153000+06:00,2026-02-03 14:43:41.552000+06:00
buy,0.01,0.01,XAUUSD,4935.248,4932.9,4932.9,4939.49,-0.11,-2.35,sl,2026-02-03 14:46:22.301000+06:00,2026-02-03 14:46:39.490000+06:00
buy,0.01,0.01,XAUUSD,4915.313,4918.187,4908.18,4928.603,-0.11,2.88,user,2026-02-03 15:05:18.717000+06:00,2026-02-03 15:06:02.522000+06:00
buy,0.01,0.01,XAUUSD,4913.717,4916.012,4907.738,4925.62,-0.11,2.29,user,2026-02-03 15:11:40.764000+06:00,2026-02-03 15:15:06.451000+06:00
sell,0.01,0.01,XAUUSD,4913.308,4901.63,4917.591,4902.191,-0.11,11.68,tp,2026-02-03 15:16:13.879000+06:00,2026-02-03 15:16:35.169000+06:00
sell,0.01,0.01,XAUUSD,4896.001,4902.5960000000005,4902.689,4881.998,-0.11,-6.6,user,2026-02-03 15:34:17.678000+06:00,2026-02-03 15:35:30.795000+06:00
buy,0.01,0.01,XAUUSD,4915.026,4917.962,,,-0.11,2.93,user,2026-02-03 16:07:15.314000+06:00,2026-02-03 16:07:35.751000+06:00
buy,0.01,0.01,XAUUSD,4915.129,4916.438,,,-0.11,1.31,user,2026-02-03 16:08:06.204000+06:00,2026-02-03 16:09:13.202000+06:00
buy,0.01,0.01,XAUUSD,4919.123,4923.731,4911.29,,-0.11,4.61,user,2026-02-03 15:56:18.613000+06:00,2026-02-03 16:10:06.502000+06:00
buy,0.01,0.01,XAUUSD,4915.239,4916.251,4913.085,4919.501,-0.11,1.01,user,2026-02-03 16:53:50.765000+06:00,2026-02-03 16:54:35.488000+06:00
buy,0.01,0.01,XAUUSD,4916.379,4917.4980000000005,,,-0.11,1.12,user,2026-02-03 16:55:25.821000+06:00,2026-02-03 16:55:41.409000+06:00
buy,0.01,0.01,XAUUSD,4925.107,4910.153,4911.236,,-0.11,-14.96,sl,2026-02-03 15:45:47.028000+06:00,2026-02-03 16:56:59.590000+06:00
buy,0.01,0.01,XAUUSD,4915.463,4907.759,,,-0.11,-7.7,user,2026-02-03 16:56:43.165000+06:00,2026-02-03 16:57:02.282000+06:00
buy,0.01,0.01,XAUUSD,4898.185,4904.746,4890.277,,-0.11,6.56,user,2026-02-03 17:04:06.727000+06:00,2026-02-03 17:05:22.541000+06:00
buy,0.01,0.01,XAGUSD,86.744,86.44500000000001,86.465,,-1.0,-14.95,sl,2026-02-03 17:07:46.654000+06:00,2026-02-03 17:08:44.367000+06:00
buy,0.01,0.01,XAGUSD,86.617,86.845,86.498,,-1.0,11.4,user,2026-02-03 17:09:36.226000+06:00,2026-02-03 17:10:54.943000+06:00
buy,0.01,0.01,XAUUSD,4907.562,4908.682,4897.771,4927.922,-0.11,1.12,user,2026-02-03 17:15:04.420000+06:00,2026-02-03 17:15:30.181000+06:00
buy,0.01,0.01,XAUUSD,4915.455,4914.7570000000005,4906.739,4926.529,-0.11,-0.7,user,2026-02-03 18:34:40.073000+06:00,2026-02-03 18:43:20.543000+06:00
sell,0.01,0.01,XAUUSD,4925.26,4929.271000000001,4931.828,4906.268,-0.11,-4.01,user,2026-02-03 19:06:08.667000+06:00,2026-02-03 19:06:36.049000+06:00
sell,0.01,0.01,XAUUSD,4923.845,4933.113,4935.481,4918.562,-0.11,-9.26,user,2026-02-03 19:09:09.855000+06:00,2026-02-03 19:28:18.568000+06:00
sell,0.01,0.01,XAUUSD,4927.22,4934.589,4950.798,4874.187,-0.11,-7.37,user,2026-02-03 19:53:37.458000+06:00,2026-02-03 19:59:40.961000+06:00
sell,0.01,0.01,XAUUSD,4925.982,4923.579000000001,4930.484,4921.706,-0.11,2.4,user,2026-02-03 20:08:49.569000+06:00,2026-02-03 20:10:55.476000+06:00
sell,0.01,0.01,XAUUSD,4918.305,4921.021000000001,4941.243,4903.726,-0.11,-2.71,user,2026-02-03 20:00:45.153000+06:00,2026-02-03 20:15:21.094000+06:00
sell,0.01,0.01,XAUUSD,4911.835,4924.421,4924.421,4884.75,-0.11,-12.58,sl,2026-02-03 20:20:28.997000+06:00,2026-02-03 20:29:51.961000+06:00
sell,0.01,0.01,XAUUSD,4910.349,4924.677000000001,4924.329,,-0.11,-14.33,sl,2026-02-03 20:24:58.164000+06:00,2026-02-03 20:29:52.038000+06:00
buy,0.02,0.02,XAUUSD,4918.771,4916.12,4908.88,,-0.22,-5.3,user,2026-02-03 20:32:14.917000+06:00,2026-02-03 20:32:23.358000+06:00
buy,0.02,0.02,XAUUSD,4906.505,4899.294,4899.294,4924.725,-0.22,-14.42,sl,2026-02-03 20:35:41.143000+06:00,2026-02-03 20:36:07.479000+06:00
buy,0.02,0.02,XAUUSD,4907.916,4898.303,4895.32,4923.136,-0.22,-19.22,user,2026-02-03 20:36:29.705000+06:00,2026-02-03 20:38:28.435000+06:00
buy,0.01,0.01,XAUUSD,4911.643,4916.319,4897.704,,-0.11,4.68,user,2026-02-03 20:39:12.306000+06:00,2026-02-03 20:39:41.548000+06:00
sell,0.01,0.01,XAUUSD,4921.321,4917.446,4926.579,,-0.11,3.87,user,2026-02-03 20:42:07.729000+06:00,2026-02-03 20:43:11.990000+06:00
sell,0.02,0.02,XAUUSD,4914.579,4920.219,4919.298,,-0.22,-11.28,sl,2026-02-03 20:43:49.575000+06:00,2026-02-03 20:43:58.594000+06:00
sell,0.02,0.02,XAUUSD,4917.878,4917.621,4921.212,,-0.22,0.52,user,2026-02-03 20:44:16.338000+06:00,2026-02-03 20:45:22.617000+06:00
sell,0.02,0.02,XAUUSD,4914.655,4917.143,4920.172,4906.787,-0.22,-4.98,user,2026-02-03 20:46:22.328000+06:00,2026-02-03 20:47:27.211000+06:00
sell,0.01,0.01,XAUUSD,4921.941,4927.188,4926.767,4911.898,-0.11,-5.25,sl,2026-02-03 20:52:15.723000+06:00,2026-02-03 20:53:15.078000+06:00
buy,0.01,0.01,XAUUSD,4925.278,4919.081,4919.081,,-0.11,-6.2,sl,2026-02-03 20:56:54.608000+06:00,2026-02-03 20:57:38.983000+06:00
sell,0.01,0.01,XAUUSD,4916.666,4918.905,4924.05,,-0.11,-2.24,user,2026-02-03 20:57:51.050000+06:00,2026-02-03 20:58:32.766000+06:00
buy,0.01,0.01,XAUUSD,4919.531,4931.984,4876.16,,-0.11,12.45,user,2026-02-03 21:00:39.600000+06:00,2026-02-03 21:59:03.816000+06:00
buy,0.01,0.01,XAUUSD,4964.399,4967.356,,5214.837,-0.11,2.96,user,2026-02-03 22:16:31.353000+06:00,2026-02-03 22:17:13.211000+06:00
buy,0.04,0.04,XAUUSD,4967.88,4971.384,,5092.66,-0.44,14.02,user,2026-02-03 22:20:08.222000+06:00,2026-02-03 22:21:01.760000+06:00
buy,0.01,0.01,XAUUSD,4970.842,4973.509,,5137.535,-0.11,2.67,user,2026-02-03 22:33:39.173000+06:00,2026-02-03 22:33:47.249000+06:00
buy,0.01,0.01,XAUUSD,4960.575,4992.924,4959.423,5051.627,-0.11,32.34,user,2026-02-03 22:16:24.998000+06:00,2026-02-03 22:39:36.888000+06:00
buy,0.01,0.01,XAUUSD,4982.88,4979.5560000000005,,5149.586,-0.11,-3.32,user,2026-02-03 22:43:17.384000+06:00,2026-02-03 22:45:16.534000+06:00
buy,0.01,0.01,XAUUSD,4968.837,4962.3640000000005,,5139.591,-0.11,-6.48,user,2026-02-03 22:50:49.351000+06:00,2026-02-03 22:51:06.165000+06:00
buy,0.01,0.01,XAUUSD,4977.145,4962.406,,5147.004,-0.11,-14.74,user,2026-02-03 22:49:50.256000+06:00,2026-02-03 22:51:08.468000+06:00
buy,0.01,0.01,XAUUSD,4953.572,4957.646,,5126.497,-0.11,4.08,user,2026-02-03 22:59:04.909000+06:00,2026-02-03 22:59:18.151000+06:00
buy,0.01,0.01,XAUUSD,4949.125,4955.983,,5125.401,-0.11,6.85,user,2026-02-03 23:00:31.415000+06:00,2026-02-03 23:01:19.888000+06:00
buy,0.01,0.01,XAUUSD,4947.686,4940.371,,5125.71,-0.11,-7.32,user,2026-02-03 23:08:10.438000+06:00,2026-02-03 23:08:54.585000+06:00
buy,0.01,0.01,XAUUSD,4958.231,4940.656,,,-0.11,-17.57,user,2026-02-03 22:58:39.928000+06:00,2026-02-03 23:08:55.786000+06:00
buy,0.01,0.01,XAUUSD,4965.817,4941.387,,,-0.11,-24.43,user,2026-02-03 22:52:03.773000+06:00,2026-02-03 23:09:19.696000+06:00
sell,0.01,0.01,XAUUSD,4933.929,4927.488,,4920.95,-0.11,6.44,user,2026-02-03 23:11:11.475000+06:00,2026-02-03 23:11:56.773000+06:00
buy,0.04,0.04,XAUUSD,4941.059,4946.258,,5118.177,-0.44,20.79,user,2026-02-03 23:13:41.507000+06:00,2026-02-03 23:13:50.727000+06:00
buy,0.01,0.01,XAUUSD,4937.849,4963.076,,5114.133,-0.11,25.23,user,2026-02-03 23:12:24.320000+06:00,2026-02-03 23:19:28.558000+06:00
buy,0.01,0.01,XAUUSD,4957.343,4958.175,,5132.961,-0.11,0.84,user,2026-02-03 23:25:35.952000+06:00,2026-02-03 23:25:48.498000+06:00
buy,0.01,0.01,XAUUSD,4950.345,4951.77,,5125.851,-0.11,1.42,user,2026-02-03 23:30:17.125000+06:00,2026-02-03 23:30:38.547000+06:00
sell,0.01,0.01,BTCUSD,75334.15,75051.79000000001,75812.02,,-0.16,2.82,user,2026-02-03 23:40:36.354000+06:00,2026-02-03 23:46:23.226000+06:00
sell,0.01,0.01,XAUUSD,4913.95,4925.195000000001,4924.559,4735.594,-0.11,-11.25,sl,2026-02-03 23:47:20.056000+06:00,2026-02-03 23:47:58.522000+06:00
buy,0.01,0.01,XAUUSD,4932.992,4939.125,4920.879,5109.839,-0.11,6.14,user,2026-02-03 23:50:07.043000+06:00,2026-02-03 23:50:29.063000+06:00
buy,0.01,0.01,XAUUSD,4942.913,4943.266,4943.266,5120.433,-0.11,0.36,sl,2026-02-04 00:06:56.428000+06:00,2026-02-04 00:08:08.562000+06:00
buy,0.01,0.01,XAUUSD,4941.49,4946.664,4935.997,5121.15,-0.11,5.17,user,2026-02-04 00:08:54.712000+06:00,2026-02-04 00:10:45.815000+06:00
buy,0.01,0.01,XAUUSD,4943.632,4943.87,4938.378,5123.528,-0.11,0.24,user,2026-02-04 00:14:58.791000+06:00,2026-02-04 00:15:26.474000+06:00
buy,0.01,0.01,BTCUSD,74609.59,74278.48,74300.98,,-0.16,-3.32,sl,2026-02-04 00:22:28.485000+06:00,2026-02-04 00:23:53.282000+06:00
buy,0.01,0.01,XAUUSD,4926.883,4916.325,4917.388,4938.998,-0.11,-10.55,sl,2026-02-04 00:26:08.398000+06:00,2026-02-04 00:29:09.002000+06:00
sell,0.01,0.01,XAUUSD,4904.214,4912.242,4920.903,4846.362,-0.11,-8.03,user,2026-02-04 00:37:14.065000+06:00,2026-02-04 00:42:16.144000+06:00
buy,0.01,0.01,XAUUSD,4905.936,4907.304,4887.67,4964.957,-0.11,1.36,user,2026-02-04 00:43:24.909000+06:00,2026-02-04 00:44:30.834000+06:00
buy,0.01,0.01,XAUUSD,4912.164,4913.753,4904.734,4971.716,-0.11,1.59,user,2026-02-04 00:46:23.569000+06:00,2026-02-04 00:46:52.837000+06:00
sell,0.01,0.01,XAUUSD,4901.362,4896.715,4916.103,4845.575,-0.11,4.64,user,2026-02-04 00:48:53.292000+06:00,2026-02-04 00:52:40.437000+06:00
buy,0.01,0.01,XAUUSD,4916.794,4918.35,,,-0.11,1.56,user,2026-02-04 01:14:17.738000+06:00,2026-02-04 01:17:24.117000+06:00
buy,0.01,0.01,XAUUSD,4935.922,4940.854,,,-0.11,4.93,user,2026-02-04 01:36:39.110000+06:00,2026-02-04 01:40:40.361000+06:00
buy,0.01,0.01,XAUUSD,4955.379,4952.572,4944.482,,-0.11,-2.81,user,2026-02-04 02:36:02.654000+06:00,2026-02-04 02:40:04.757000+06:00
buy,0.01,0.01,XAUUSD,4943.49,4945.298,4938.957,,-0.11,1.81,user,2026-02-04 02:56:45.530000+06:00,2026-02-04 02:57:39.041000+06:00
buy,0.01,0.01,XAUUSD,4952.488,4952.532,4939.684,,-0.11,0.04,user,2026-02-04 03:04:19.720000+06:00,2026-02-04 03:10:33.255000+06:00
buy,0.01,0.01,XAUUSD,4951.001,4955.832,4938.076,,-0.11,4.83,user,2026-02-04 03:21:17.041000+06:00,2026-02-04 03:31:05.993000+06:00
buy,0.01,0.01,XAUUSD,4954.007,4941.985,4941.985,,-0.11,-12.02,sl,2026-02-04 03:33:26.844000+06:00,2026-02-04 03:40:15.061000+06:00
buy,0.01,0.01,XAUUSD,4970.362,4957.795,4957.795,,-0.11,-12.56,sl,2026-02-04 05:02:32.273000+06:00,2026-02-04 05:04:12.661000+06:00
buy,0.01,0.01,XAUUSD,4933.055,4929.081,4929.081,4944.449,-0.11,-3.98,sl,2026-02-04 05:13:00.780000+06:00,2026-02-04 05:13:38.006000+06:00
buy,0.01,0.01,XAUUSD,5064.682,5056.322,5051.859,,-0.11,-8.36,user,2026-02-04 12:20:54.185000+06:00,2026-02-04 12:22:22.173000+06:00
buy,0.01,0.01,XAUUSD,5058.455,5058.441,5049.321,,-0.11,-0.02,user,2026-02-04 12:24:57.465000+06:00,2026-02-04 12:26:01.355000+06:00
buy,0.01,0.01,XAUUSD,5069.202,5073.189,5063.206,5076.423,-0.11,3.99,user,2026-02-04 13:20:15.737000+06:00,2026-02-04 13:21:47.641000+06:00
buy,0.01,0.01,XAUUSD,5081.166,5048.365,,,-0.11,-32.8,user,2026-02-04 11:24:14.871000+06:00,2026-02-04 17:07:07.011000+06:00
buy,0.01,0.01,XAUUSD,5049.454,5059.377,,5059.377,-0.11,9.93,tp,2026-02-04 18:30:16.331000+06:00,2026-02-04 18:33:11.072000+06:00
buy,0.01,0.01,XAUUSD,5052.007,5052.819,,,-0.11,0.81,user,2026-02-04 18:40:19.035000+06:00,2026-02-04 18:49:23.821000+06:00
buy,0.01,0.01,XAUUSD,5039.354,5051.717000000001,,,-0.11,12.37,user,2026-02-04 19:15:33.464000+06:00,2026-02-04 19:36:47.739000+06:00
buy,0.01,0.01,XAUUSD,4993.932,5015.768,,,-0.11,21.84,user,2026-02-04 20:43:24.454000+06:00,2026-02-04 20:54:26.086000+06:00
buy,0.01,0.01,XAUUSD,4993.108,4973.492,,,-0.11,-19.62,user,2026-02-04 20:58:16.007000+06:00,2026-02-04 21:22:32.254000+06:00
sell,0.01,0.01,XAUUSD,4964.203,4952.05,4976.521,4943.505,-0.11,12.15,user,2026-02-04 21:27:20.775000+06:00,2026-02-04 21:29:03.209000+06:00
buy,0.01,0.03,XAUUSD,4915.813,4924.4130000000005,4902.964,4927.277,,8.6,user,2026-02-04 21:39:17.314000+06:00,2026-02-04 21:40:36.998000+06:00
buy,0.02,0.03,XAUUSD,4915.813,4927.277,4902.964,4927.277,-0.33,22.92,tp,2026-02-04 21:39:17.314000+06:00,2026-02-04 21:40:39.076000+06:00
sell,0.01,0.01,BTCUSD,74026.33,74423.05,74423.05,73089.01,-0.16,-3.97,sl,2026-02-04 21:35:07.606000+06:00,2026-02-04 21:41:01.005000+06:00
buy,0.01,0.01,XAUUSD,4944.651,4944.354,4925.242,,-0.11,-0.3,user,2026-02-04 21:44:58.374000+06:00,2026-02-04 21:45:00.564000+06:00
sell,0.01,0.01,XAUUSD,4898.724,4904.51,4907.435,4874.03,-0.11,-5.79,user,2026-02-04 23:03:36.472000+06:00,2026-02-04 23:04:37.465000+06:00
sell,0.01,0.01,XAUUSD,4896.934,4905.014,,,-0.11,-8.08,user,2026-02-04 23:55:40.062000+06:00,2026-02-04 23:56:14.459000+06:00
buy,0.01,0.01,XAUUSD,4909.275,4909.637,,,-0.11,0.36,user,2026-02-05 00:10:19.294000+06:00,2026-02-05 00:10:46.107000+06:00
buy,0.01,0.01,XAUUSD,4940.18,5011.899,4941.755,5061.467,-0.11,71.72,user,2026-02-05 01:40:26.067000+06:00,2026-02-05 06:23:23.230000+06:00
sell,0.01,0.01,XAUUSD,4868.15,4870.364,4881.408,,-0.11,-2.21,user,2026-02-05 10:04:45.030000+06:00,2026-02-05 10:06:01.149000+06:00
sell,0.01,0.01,XAUUSD,4865.306,4886.25,4886.25,4830.075,-0.11,-20.94,sl,2026-02-05 10:08:27.801000+06:00,2026-02-05 10:20:07.848000+06:00
sell,0.01,0.01,XAUUSD,4883.126,4887.732,,,-0.11,-4.6,user,2026-02-05 10:30:45.434000+06:00,2026-02-05 10:31:08.642000+06:00
sell,0.01,0.01,XAUUSD,4886.978,4877.241,4891.413,4831.319,-0.11,9.74,user,2026-02-05 10:31:00.930000+06:00,2026-02-05 10:38:15.321000+06:00
buy,0.01,0.01,XAUUSD,4923.492,4919.332,,,-0.11,-4.16,user,2026-02-05 14:33:03.493000+06:00,2026-02-05 14:33:44.659000+06:00
sell,0.01,0.01,XAUUSD,4920.704,4927.815,,,-0.11,-7.12,user,2026-02-05 14:34:07.192000+06:00,2026-02-05 14:34:33.086000+06:00
buy,0.01,0.01,XAUUSD,4928.189,4923.856,4919.152,4938.292,-0.11,-4.33,user,2026-02-05 14:35:07.680000+06:00,2026-02-05 14:35:46.919000+06:00
buy,0.01,0.01,XAUUSD,4925.45,4924.041,,,-0.11,-1.41,user,2026-02-05 14:36:17.187000+06:00,2026-02-05 14:36:56.908000+06:00
sell,0.01,0.01,XAUUSD,4919.98,4903.022,4930.429,4894.348,-0.11,16.96,user,2026-02-05 14:38:18.355000+06:00,2026-02-05 14:54:33.533000+06:00
sell,0.01,0.01,XAUUSD,4911.525,4916.115000000001,4924.508,,-0.11,-4.59,user,2026-02-05 14:56:12.407000+06:00,2026-02-05 14:57:27.669000+06:00
sell,0.01,0.01,XAUUSD,4880.039,4881.603,4890.91,,-0.11,-1.56,user,2026-02-05 15:06:49.642000+06:00,2026-02-05 15:08:16.412000+06:00
sell,0.01,0.01,XAUUSD,4881.697,4879.406,4885.247,,-0.11,2.29,user,2026-02-05 15:09:12.955000+06:00,2026-02-05 15:09:43.363000+06:00
sell,0.01,0.01,XAUUSD,4866.363,4870.124000000001,,,-0.11,-3.76,user,2026-02-05 15:16:03.988000+06:00,2026-02-05 15:16:48.011000+06:00
sell,0.01,0.01,XAUUSD,4865.327,4859.772,4873.161,,-0.11,5.56,user,2026-02-05 15:18:58.406000+06:00,2026-02-05 15:21:03.574000+06:00
sell,0.01,0.01,XAUUSD,4872.01,4879.683,4890.61,4839.093,-0.11,-7.67,user,2026-02-05 15:29:28.346000+06:00,2026-02-05 15:37:09.897000+06:00
sell,0.01,0.01,XAUUSD,4883.664,4857.496,4894.594,4830.102,-0.11,26.16,user,2026-02-05 15:44:04.919000+06:00,2026-02-05 15:55:56.318000+06:00
sell,0.01,0.01,XAUUSD,4876.327,4875.263,4885.747,,-0.11,1.07,user,2026-02-05 17:47:36.848000+06:00,2026-02-05 17:47:43.114000+06:00
buy,0.01,0.01,XAUUSD,4844.281,4852.167,4836.814,4853.303,-0.11,7.89,user,2026-02-05 18:30:21.506000+06:00,2026-02-05 18:30:44.109000+06:00
buy,0.01,0.01,XAUUSD,4832.91,4829.796,4813.296,4888.617,-0.11,-3.11,user,2026-02-05 19:01:11.511000+06:00,2026-02-05 19:02:09.223000+06:00
buy,0.01,0.01,XAUUSD,4823.545,4814.572,4814.572,4848.084,-0.11,-8.98,sl,2026-02-05 19:05:33.760000+06:00,2026-02-05 19:05:59.890000+06:00
buy,0.01,0.01,XAUUSD,4857.602,4855.487,4845.383,,-0.11,-2.11,user,2026-02-05 19:27:54.710000+06:00,2026-02-05 19:28:41.513000+06:00
buy,0.01,0.01,XAUUSD,4859.405,4841.4490000000005,,,-0.11,-17.96,user,2026-02-05 19:30:12.326000+06:00,2026-02-05 19:39:54.106000+06:00
buy,0.01,0.01,XAUUSD,4844.507,4828.102,,,-0.11,-16.41,so,2026-02-05 19:56:49.682000+06:00,2026-02-05 19:59:24.740000+06:00
buy,0.01,0.01,XAUUSD,4820.358,4817.406,4811.435,,-0.11,-2.95,user,2026-02-05 20:16:17.148000+06:00,2026-02-05 20:17:50.716000+06:00
buy,0.05,0.05,XAUUSD,4855.575,4857.984,,,-0.55,12.04,user,2026-02-05 20:40:02.967000+06:00,2026-02-05 20:40:32.503000+06:00
buy,0.01,0.01,XAUUSD,4862.542,4862.162,,,-0.11,-0.38,user,2026-02-05 20:40:56.451000+06:00,2026-02-05 20:40:59.123000+06:00
sell,0.01,0.01,XAUUSD,4848.325,4846.53,4861.855,,-0.11,1.8,user,2026-02-05 20:48:25.248000+06:00,2026-02-05 20:49:36.565000+06:00
sell,0.01,0.01,XAUUSD,4846.169,4860.549,4860.549,4815.179,-0.11,-14.38,sl,2026-02-05 20:58:27.732000+06:00,2026-02-05 21:00:02.869000+06:00
sell,0.01,0.01,XAUUSD,4845.689,4838.098,4861.54,4803.774,-0.11,7.59,user,2026-02-05 21:01:17.353000+06:00,2026-02-05 21:16:10.060000+06:00
sell,0.14,0.14,ETHUSD,1971.95,1966.17,2012.09,,-0.18,0.81,user,2026-02-05 21:25:20.120000+06:00,2026-02-05 21:25:57.716000+06:00
sell,0.01,0.01,XAUUSD,4833.705,4832.723,4845.208,4817.956,-0.11,0.99,user,2026-02-05 21:21:18.717000+06:00,2026-02-05 21:26:40.638000+06:00
sell,0.4,0.8,ETHUSD,1941.82,1930.79,1982.01,,,4.41,user,2026-02-05 21:29:24.934000+06:00,2026-02-05 21:29:58.173000+06:00
sell,0.4,0.8,ETHUSD,1941.82,1955.21,1982.01,,-1.0,-5.35,user,2026-02-05 21:29:24.934000+06:00,2026-02-05 21:30:35.938000+06:00
sell,0.01,0.01,XAUUSD,4818.606,4818.688,,4784.235,-0.11,-0.08,user,2026-02-05 21:35:28.886000+06:00,2026-02-05 21:36:03.014000+06:00
buy,0.01,0.01,XAUUSD,4815.867,4816.71,4803.581,4830.806,-0.11,0.84,user,2026-02-05 21:50:10.020000+06:00,2026-02-05 21:53:49.034000+06:00
buy,0.01,0.01,XAUUSD,4821.082,4825.189,4813.151,4854.411,-0.11,4.11,user,2026-02-05 22:05:45.733000+06:00,2026-02-05 22:06:00.904000+06:00
sell,0.01,0.01,XAUUSD,4825.099,4821.352,4827.664,4790.482,-0.11,3.75,user,2026-02-05 22:14:20.588000+06:00,2026-02-05 22:14:54.418000+06:00
buy,0.01,0.01,XAUUSD,4901.642,4901.819,,,-0.11,0.18,user,2026-02-05 22:51:16.610000+06:00,2026-02-05 22:54:07.263000+06:00
sell,0.01,0.01,XAUUSD,4885.996,4880.9580000000005,,,-0.11,5.04,user,2026-02-05 23:01:21.453000+06:00,2026-02-05 23:01:35.930000+06:00
buy,0.01,0.01,XAUUSD,4881.916,4876.955,,,-0.11,-4.96,user,2026-02-05 23:03:34.745000+06:00,2026-02-05 23:03:59.258000+06:00
buy,0.01,0.01,XAUUSD,4871.215,4878.31,4865.48,4878.31,-0.11,7.09,tp,2026-02-05 23:04:29.609000+06:00,2026-02-05 23:05:47.958000+06:00
buy,0.01,0.01,XAUUSD,4878.605,4873.608,,,-0.11,-5.0,user,2026-02-05 23:10:35.251000+06:00,2026-02-05 23:11:04.971000+06:00
buy,0.01,0.01,XAUUSD,4875.725,4872.937,4873.538,,-0.11,-2.79,sl,2026-02-05 23:11:19.770000+06:00,2026-02-05 23:11:49.044000+06:00
sell,0.01,0.01,XAUUSD,4866.876,4866.409,,,-0.11,0.47,user,2026-02-05 23:12:06.948000+06:00,2026-02-05 23:12:15.928000+06:00
sell,0.01,0.01,XAUUSD,4869.363,4872.271000000001,,,-0.11,-2.91,user,2026-02-05 23:13:27.666000+06:00,2026-02-05 23:13:47.120000+06:00
sell,0.01,0.01,XAUUSD,4874.055,4871.773,4873.415,4867.597,-0.11,2.29,user,2026-02-05 23:15:16.691000+06:00,2026-02-05 23:15:51.962000+06:00
sell,0.01,0.01,XAUUSD,4873.534,4876.704000000001,4876.125,4868.727,-0.11,-3.17,sl,2026-02-05 23:16:23.592000+06:00,2026-02-05 23:17:01.846000+06:00
buy,0.01,0.01,XAUUSD,4875.344,4873.739,4873.739,4888.01,-0.11,-1.6,sl,2026-02-05 23:17:28.467000+06:00,2026-02-05 23:18:22.526000+06:00
buy,0.01,0.01,XAUUSD,4877.533,4876.1720000000005,,,-0.11,-1.36,user,2026-02-05 23:18:54.357000+06:00,2026-02-05 23:19:04.742000+06:00
sell,0.01,0.01,XAUUSD,4872.403,4867.972000000001,4880.78,4860.79,-0.11,4.43,user,2026-02-05 23:19:47.833000+06:00,2026-02-05 23:20:36.849000+06:00
sell,0.01,0.01,XAUUSD,4871.261,4874.402,4874.402,4862.442,-0.11,-3.14,sl,2026-02-05 23:24:04.946000+06:00,2026-02-05 23:24:46.811000+06:00
sell,0.01,0.01,XAUUSD,4871.507,4869.280000000001,4879.212,4860.873,-0.11,2.23,user,2026-02-05 23:25:12.627000+06:00,2026-02-05 23:29:20.329000+06:00
