ticket,opening_time_utc,closing_time_utc,type,lots,original_position_size,symbol,opening_price,closing_price,stop_loss,take_profit,commission_usd,swap_usd,profit_usd,equity_usd,margin_level,close_reason
1991180744,2026-02-05T17:25:12.627000,2026-02-05T17:29:20.329000,sell,0.01,0.01,XAUUSD,4871.507,4869.280000000001,4879.212,4860.873,-0.11,0,2.23,,,user
1991177861,2026-02-05T17:24:04.946000,2026-02-05T17:24:46.811000,sell,0.01,0.01,XAUUSD,4871.261,4874.402,4874.402,4862.442,-0.11,0,-3.14,,,sl
1991166457,2026-02-05T17:19:47.833000,2026-02-05T17:20:36.849000,sell,0.01,0.01,XAUUSD,4872.403,4867.972000000001,4880.78,4860.79,-0.11,0,4.43,,,user
1991165098,2026-02-05T17:18:54.357000,2026-02-05T17:19:04.742000,buy,0.01,0.01,XAUUSD,4877.533,4876.1720000000005,,,-0.11,0,-1.36,,,user
1991162205,2026-02-05T17:17:28.467000,2026-02-05T17:18:22.526000,buy,0.01,0.01,XAUUSD,4875.344,4873.739,4873.739,4888.01,-0.11,0,-1.6,,,sl
1991160590,2026-02-05T17:16:23.592000,2026-02-05T17:17:01.846000,sell,0.01,0.01,XAUUSD,4873.534,4876.704000000001,4876.125,4868.727,-0.11,0,-3.17,,,sl
1991158578,2026-02-05T17:15:16.691000,2026-02-05T17:15:51.962000,sell,0.01,0.01,XAUUSD,4874.055,4871.773,4873.415,4867.597,-0.11,0,2.29,,,user
1991155448,2026-02-05T17:13:27.666000,2026-02-05T17:13:47.120000,sell,0.01,0.01,XAUUSD,4869.363,4872.271000000001,,,-0.11,0,-2.91,,,user
1991152668,2026-02-05T17:12:06.948000,2026-02-05T17:12:15.928000,sell,0.01,0.01,XAUUSD,4866.876,4866.409,,,-0.11,0,0.47,,,user
1991151024,2026-02-05T17:11:19.770000,2026-02-05T17:11:49.044000,buy,0.01,0.01,XAUUSD,4875.725,4872.937,4873.538,,-0.11,0,-2.79,,,sl
1991149647,2026-02-05T17:10:35.251000,2026-02-05T17:11:04.971000,buy,0.01,0.01,XAUUSD,4878.605,4873.608,,,-0.11,0,-5,,,user
1991136719,2026-02-05T17:04:29.609000,2026-02-05T17:05:47.958000,buy,0.01,0.01,XAUUSD,4871.215,4878.31,4865.48,4878.31,-0.11,0,7.09,,,tp
1991134157,2026-02-05T17:03:34.745000,2026-02-05T17:03:59.258000,buy,0.01,0.01,XAUUSD,4881.916,4876.955,,,-0.11,0,-4.96,,,user
1991129192,2026-02-05T17:01:21.453000,2026-02-05T17:01:35.930000,sell,0.01,0.01,XAUUSD,4885.996,4880.9580000000005,,,-0.11,0,5.04,,,user
1991104893,2026-02-05T16:51:16.610000,2026-02-05T16:54:07.263000,buy,0.01,0.01,XAUUSD,4901.642,4901.819,,,-0.11,0,0.18,,,user
1991014083,2026-02-05T16:14:20.588000,2026-02-05T16:14:54.418000,sell,0.01,0.01,XAUUSD,4825.099,4821.352,4827.664,4790.482,-0.11,0,3.75,,,user
1990993312,2026-02-05T16:05:45.733000,2026-02-05T16:06:00.904000,buy,0.01,0.01,XAUUSD,4821.082,4825.189,4813.151,4854.411,-0.11,0,4.11,,,user
1990952111,2026-02-05T15:50:10.020000,2026-02-05T15:53:49.034000,buy,0.01,0.01,XAUUSD,4815.867,4816.71,4803.581,4830.806,-0.11,0,0.84,,,user
1990909651,2026-02-05T15:35:28.886000,2026-02-05T15:36:03.014000,sell,0.01,0.01,XAUUSD,4818.606,4818.688,,4784.235,-0.11,0,-0.08,,,user
1990890407,2026-02-05T15:29:24.934000,2026-02-05T15:30:35.938000,sell,0.4,0.8,ETHUSD,1941.82,1955.21,1982.01,,-1,0,-5.35,,,user
1990890407,2026-02-05T15:29:24.934000,2026-02-05T15:29:58.173000,sell,0.4,0.8,ETHUSD,1941.82,1930.79,1982.01,,,0,4.41,,,user
1990866196,2026-02-05T15:21:18.717000,2026-02-05T15:26:40.638000,sell,0.01,0.01,XAUUSD,4833.705,4832.723,4845.208,4817.956,-0.11,0,0.99,,,user
1990877442,2026-02-05T15:25:20.120000,2026-02-05T15:25:57.716000,sell,0.14,0.14,ETHUSD,1971.95,1966.17,2012.09,,-0.18,0,0.81,,,user
1990803672,2026-02-05T15:01:17.353000,2026-02-05T15:16:10.060000,sell,0.01,0.01,XAUUSD,4845.689,4838.098,4861.54,4803.774,-0.11,0,7.59,,,user
1990795166,2026-02-05T14:58:27.732000,2026-02-05T15:00:02.869000,sell,0.01,0.01,XAUUSD,4846.169,4860.549,4860.549,4815.179,-0.11,0,-14.38,,,sl
1990768209,2026-02-05T14:48:25.248000,2026-02-05T14:49:36.565000,sell,0.01,0.01,XAUUSD,4848.325,4846.53,4861.855,,-0.11,0,1.8,,,user
1990746880,2026-02-05T14:40:56.451000,2026-02-05T14:40:59.123000,buy,0.01,0.01,XAUUSD,4862.542,4862.162,,,-0.11,0,-0.38,,,user
1990743129,2026-02-05T14:40:02.967000,2026-02-05T14:40:32.503000,buy,0.05,0.05,XAUUSD,4855.575,4857.984,,,-0.55,0,12.04,,,user
1990669867,2026-02-05T14:16:17.148000,2026-02-05T14:17:50.716000,buy,0.01,0.01,XAUUSD,4820.358,4817.406,4811.435,,-0.11,0,-2.95,,,user
1990611715,2026-02-05T13:56:49.682000,2026-02-05T13:59:24.740000,buy,0.01,0.01,XAUUSD,4844.507,4828.102,,,-0.11,0,-16.41,-0.02,,so
1990538430,2026-02-05T13:30:12.326000,2026-02-05T13:39:54.106000,buy,0.01,0.01,XAUUSD,4859.405,4841.4490000000005,,,-0.11,0,-17.96,,,user
1990534004,2026-02-05T13:27:54.710000,2026-02-05T13:28:41.513000,buy,0.01,0.01,XAUUSD,4857.602,4855.487,4845.383,,-0.11,0,-2.11,,,user
1990478825,2026-02-05T13:05:33.760000,2026-02-05T13:05:59.890000,buy,0.01,0.01,XAUUSD,4823.545,4814.572,4814.572,4848.084,-0.11,0,-8.98,,,sl
1990463436,2026-02-05T13:01:11.511000,2026-02-05T13:02:09.223000,buy,0.01,0.01,XAUUSD,4832.91,4829.796,4813.296,4888.617,-0.11,0,-3.11,,,user
1990387849,2026-02-05T12:30:21.506000,2026-02-05T12:30:44.109000,buy,0.01,0.01,XAUUSD,4844.281,4852.167,4836.814,4853.303,-0.11,0,7.89,,,user
1990285213,2026-02-05T11:47:36.848000,2026-02-05T11:47:43.114000,sell,0.01,0.01,XAUUSD,4876.327,4875.263,4885.747,,-0.11,0,1.07,,,user
1990063052,2026-02-05T09:44:04.919000,2026-02-05T09:55:56.318000,sell,0.01,0.01,XAUUSD,4883.664,4857.496,4894.594,4830.102,-0.11,0,26.16,,,user
1990035432,2026-02-05T09:29:28.346000,2026-02-05T09:37:09.897000,sell,0.01,0.01,XAUUSD,4872.01,4879.683,4890.61,4839.093,-0.11,0,-7.67,,,user
1990012247,2026-02-05T09:18:58.406000,2026-02-05T09:21:03.574000,sell,0.01,0.01,XAUUSD,4865.327,4859.772,4873.161,,-0.11,0,5.56,,,user
1990005715,2026-02-05T09:16:03.988000,2026-02-05T09:16:48.011000,sell,0.01,0.01,XAUUSD,4866.363,4870.124000000001,,,-0.11,0,-3.76,,,user
1989986258,2026-02-05T09:09:12.955000,2026-02-05T09:09:43.363000,sell,0.01,0.01,XAUUSD,4881.697,4879.406,4885.247,,-0.11,0,2.29,,,user
1989979895,2026-02-05T09:06:49.642000,2026-02-05T09:08:16.412000,sell,0.01,0.01,XAUUSD,4880.039,4881.603,4890.91,,-0.11,0,-1.56,,,user
1989951335,2026-02-05T08:56:12.407000,2026-02-05T08:57:27.669000,sell,0.01,0.01,XAUUSD,4911.525,4916.115000000001,4924.508,,-0.11,0,-4.59,,,user
1989919267,2026-02-05T08:38:18.355000,2026-02-05T08:54:33.533000,sell,0.01,0.01,XAUUSD,4919.98,4903.022,4930.429,4894.348,-0.11,0,16.96,,,user
1989916459,2026-02-05T08:36:17.187000,2026-02-05T08:36:56.908000,buy,0.01,0.01,XAUUSD,4925.45,4924.041,,,-0.11,0,-1.41,,,user
1989914411,2026-02-05T08:35:07.680000,2026-02-05T08:35:46.919000,buy,0.01,0.01,XAUUSD,4928.189,4923.856,4919.152,4938.292,-0.11,0,-4.33,,,user
1989912367,2026-02-05T08:34:07.192000,2026-02-05T08:34:33.086000,sell,0.01,0.01,XAUUSD,4920.704,4927.815,,,-0.11,0,-7.12,,,user
1989910262,2026-02-05T08:33:03.493000,2026-02-05T08:33:44.659000,buy,0.01,0.01,XAUUSD,4923.492,4919.332,,,-0.11,0,-4.16,,,user
1989406410,2026-02-05T04:31:00.930000,2026-02-05T04:38:15.321000,sell,0.01,0.01,XAUUSD,4886.978,4877.241,4891.413,4831.319,-0.11,0,9.74,,,user
1989405960,2026-02-05T04:30:45.434000,2026-02-05T04:31:08.642000,sell,0.01,0.01,XAUUSD,4883.126,4887.732,,,-0.11,0,-4.6,,,user
1989367687,2026-02-05T04:08:27.801000,2026-02-05T04:20:07.848000,sell,0.01,0.01,XAUUSD,4865.306,4886.25,4886.25,4830.075,-0.11,0,-20.94,,,sl
1989359874,2026-02-05T04:04:45.030000,2026-02-05T04:06:01.149000,sell,0.01,0.01,XAUUSD,4868.15,4870.364,4881.408,,-0.11,0,-2.21,,,user
1988719901,2026-02-04T19:40:26.067000,2026-02-05T00:23:23.230000,buy,0.01,0.01,XAUUSD,4940.18,5011.899,4941.755,5061.467,-0.11,0,71.72,,,user
1988623570,2026-02-04T18:10:19.294000,2026-02-04T18:10:46.107000,buy,0.01,0.01,XAUUSD,4909.275,4909.637,,,-0.11,0,0.36,,,user
1988597310,2026-02-04T17:55:40.062000,2026-02-04T17:56:14.459000,sell,0.01,0.01,XAUUSD,4896.934,4905.014,,,-0.11,0,-8.08,,,user
1988489781,2026-02-04T17:03:36.472000,2026-02-04T17:04:37.465000,sell,0.01,0.01,XAUUSD,4898.724,4904.51,4907.435,4874.03,-0.11,0,-5.79,,,user
1988268782,2026-02-04T15:44:58.374000,2026-02-04T15:45:00.564000,buy,0.01,0.01,XAUUSD,4944.651,4944.354,4925.242,,-0.11,0,-0.3,,,user
1988220448,2026-02-04T15:35:07.606000,2026-02-04T15:41:01.005000,sell,0.01,0.01,BTCUSD,74026.33,74423.05,74423.05,73089.01,-0.16,0,-3.97,,,sl
1988246003,2026-02-04T15:39:17.314000,2026-02-04T15:40:39.076000,buy,0.02,0.03,XAUUSD,4915.813,4927.277,4902.964,4927.277,-0.33,0,22.92,,,tp
1988246003,2026-02-04T15:39:17.314000,2026-02-04T15:40:36.998000,buy,0.01,0.03,XAUUSD,4915.813,4924.4130000000005,4902.964,4927.277,,0,8.6,,,user
1988185371,2026-02-04T15:27:20.775000,2026-02-04T15:29:03.209000,sell,0.01,0.01,XAUUSD,4964.203,4952.05,4976.521,4943.505,-0.11,0,12.15,,,user
1988081895,2026-02-04T14:58:16.007000,2026-02-04T15:22:32.254000,buy,0.01,0.01,XAUUSD,4993.108,4973.492,,,-0.11,0,-19.62,,,user
1988030251,2026-02-04T14:43:24.454000,2026-02-04T14:54:26.086000,buy,0.01,0.01,XAUUSD,4993.932,5015.768,,,-0.11,0,21.84,,,user
1987754447,2026-02-04T13:15:33.464000,2026-02-04T13:36:47.739000,buy,0.01,0.01,XAUUSD,5039.354,5051.717000000001,,,-0.11,0,12.37,,,user
1987681396,2026-02-04T12:40:19.035000,2026-02-04T12:49:23.821000,buy,0.01,0.01,XAUUSD,5052.007,5052.819,,,-0.11,0,0.81,,,user
1987657664,2026-02-04T12:30:16.331000,2026-02-04T12:33:11.072000,buy,0.01,0.01,XAUUSD,5049.454,5059.377,,5059.377,-0.11,0,9.93,,,tp
1986795937,2026-02-04T05:24:14.871000,2026-02-04T11:07:07.011000,buy,0.01,0.01,XAUUSD,5081.166,5048.365,,,-0.11,0,-32.8,,,user
1987042949,2026-02-04T07:20:15.737000,2026-02-04T07:21:47.641000,buy,0.01,0.01,XAUUSD,5069.202,5073.189,5063.206,5076.423,-0.11,0,3.99,,,user
1986939361,2026-02-04T06:24:57.465000,2026-02-04T06:26:01.355000,buy,0.01,0.01,XAUUSD,5058.455,5058.441,5049.321,,-0.11,0,-0.02,,,user
1986930376,2026-02-04T06:20:54.185000,2026-02-04T06:22:22.173000,buy,0.01,0.01,XAUUSD,5064.682,5056.322,5051.859,,-0.11,0,-8.36,,,user
1986213550,2026-02-03T23:13:00.780000,2026-02-03T23:13:38.006000,buy,0.01,0.01,XAUUSD,4933.055,4929.081,4929.081,4944.449,-0.11,0,-3.98,,,sl
1986200746,2026-02-03T23:02:32.273000,2026-02-03T23:04:12.661000,buy,0.01,0.01,XAUUSD,4970.362,4957.795,4957.795,,-0.11,0,-12.56,,,sl
1986159667,2026-02-03T21:33:26.844000,2026-02-03T21:40:15.061000,buy,0.01,0.01,XAUUSD,4954.007,4941.985,4941.985,,-0.11,0,-12.02,,,sl
1986154584,2026-02-03T21:21:17.041000,2026-02-03T21:31:05.993000,buy,0.01,0.01,XAUUSD,4951.001,4955.832,4938.076,,-0.11,0,4.83,,,user
1986142551,2026-02-03T21:04:19.720000,2026-02-03T21:10:33.255000,buy,0.01,0.01,XAUUSD,4952.488,4952.532,4939.684,,-0.11,0,0.04,,,user
1986137411,2026-02-03T20:56:45.530000,2026-02-03T20:57:39.041000,buy,0.01,0.01,XAUUSD,4943.49,4945.298,4938.957,,-0.11,0,1.81,,,user
1986119056,2026-02-03T20:36:02.654000,2026-02-03T20:40:04.757000,buy,0.01,0.01,XAUUSD,4955.379,4952.572,4944.482,,-0.11,0,-2.81,,,user
1986057898,2026-02-03T19:36:39.110000,2026-02-03T19:40:40.361000,buy,0.01,0.01,XAUUSD,4935.922,4940.854,,,-0.11,0,4.93,,,user
1986026562,2026-02-03T19:14:17.738000,2026-02-03T19:17:24.117000,buy,0.01,0.01,XAUUSD,4916.794,4918.35,,,-0.11,0,1.56,,,user
1985982983,2026-02-03T18:48:53.292000,2026-02-03T18:52:40.437000,sell,0.01,0.01,XAUUSD,4901.362,4896.715,4916.103,4845.575,-0.11,0,4.64,,,user
1985979268,2026-02-03T18:46:23.569000,2026-02-03T18:46:52.837000,buy,0.01,0.01,XAUUSD,4912.164,4913.753,4904.734,4971.716,-0.11,0,1.59,,,user
1985974906,2026-02-03T18:43:24.909000,2026-02-03T18:44:30.834000,buy,0.01,0.01,XAUUSD,4905.936,4907.304,4887.67,4964.957,-0.11,0,1.36,,,user
1985966023,2026-02-03T18:37:14.065000,2026-02-03T18:42:16.144000,sell,0.01,0.01,XAUUSD,4904.214,4912.242,4920.903,4846.362,-0.11,0,-8.03,,,user
1985941303,2026-02-03T18:26:08.398000,2026-02-03T18:29:09.002000,buy,0.01,0.01,XAUUSD,4926.883,4916.325,4917.388,4938.998,-0.11,0,-10.55,,,sl
1985936263,2026-02-03T18:22:28.485000,2026-02-03T18:23:53.282000,buy,0.01,0.01,BTCUSD,74609.59,74278.48,74300.98,,-0.16,0,-3.32,,,sl
1985923514,2026-02-03T18:14:58.791000,2026-02-03T18:15:26.474000,buy,0.01,0.01,XAUUSD,4943.632,4943.87,4938.378,5123.528,-0.11,0,0.24,,,user
1985913860,2026-02-03T18:08:54.712000,2026-02-03T18:10:45.815000,buy,0.01,0.01,XAUUSD,4941.49,4946.664,4935.997,5121.15,-0.11,0,5.17,,,user
1985909491,2026-02-03T18:06:56.428000,2026-02-03T18:08:08.562000,buy,0.01,0.01,XAUUSD,4942.913,4943.266,4943.266,5120.433,-0.11,0,0.36,,,sl
1985877663,2026-02-03T17:50:07.043000,2026-02-03T17:50:29.063000,buy,0.01,0.01,XAUUSD,4932.992,4939.125,4920.879,5109.839,-0.11,0,6.14,,,user
1985870248,2026-02-03T17:47:20.056000,2026-02-03T17:47:58.522000,sell,0.01,0.01,XAUUSD,4913.95,4925.195000000001,4924.559,4735.594,-0.11,0,-11.25,,,sl
1985850065,2026-02-03T17:40:36.354000,2026-02-03T17:46:23.226000,sell,0.01,0.01,BTCUSD,75334.15,75051.79000000001,75812.02,,-0.16,0,2.82,,,user
1985829651,2026-02-03T17:30:17.125000,2026-02-03T17:30:38.547000,buy,0.01,0.01,XAUUSD,4950.345,4951.77,,5125.851,-0.11,0,1.42,,,user
1985819642,2026-02-03T17:25:35.952000,2026-02-03T17:25:48.498000,buy,0.01,0.01,XAUUSD,4957.343,4958.175,,5132.961,-0.11,0,0.84,,,user
1985782264,2026-02-03T17:12:24.320000,2026-02-03T17:19:28.558000,buy,0.01,0.01,XAUUSD,4937.849,4963.076,,5114.133,-0.11,0,25.23,,,user
1985787257,2026-02-03T17:13:41.507000,2026-02-03T17:13:50.727000,buy,0.04,0.04,XAUUSD,4941.059,4946.258,,5118.177,-0.44,0,20.79,,,user
1985775218,2026-02-03T17:11:11.475000,2026-02-03T17:11:56.773000,sell,0.01,0.01,XAUUSD,4933.929,4927.488,,4920.95,-0.11,0,6.44,,,user
1985720442,2026-02-03T16:52:03.773000,2026-02-03T17:09:19.696000,buy,0.01,0.01,XAUUSD,4965.817,4941.387,,,-0.11,0,-24.43,,,user
1985738617,2026-02-03T16:58:39.928000,2026-02-03T17:08:55.786000,buy,0.01,0.01,XAUUSD,4958.231,4940.656,,,-0.11,0,-17.57,,,user
1985764039,2026-02-03T17:08:10.438000,2026-02-03T17:08:54.585000,buy,0.01,0.01,XAUUSD,4947.686,4940.371,,5125.71,-0.11,0,-7.32,,,user
1985745083,2026-02-03T17:00:31.415000,2026-02-03T17:01:19.888000,buy,0.01,0.01,XAUUSD,4949.125,4955.983,,5125.401,-0.11,0,6.85,,,user
1985739976,2026-02-03T16:59:04.909000,2026-02-03T16:59:18.151000,buy,0.01,0.01,XAUUSD,4953.572,4957.646,,5126.497,-0.11,0,4.08,,,user
1985713199,2026-02-03T16:49:50.256000,2026-02-03T16:51:08.468000,buy,0.01,0.01,XAUUSD,4977.145,4962.406,,5147.004,-0.11,0,-14.74,,,user
1985715829,2026-02-03T16:50:49.351000,2026-02-03T16:51:06.165000,buy,0.01,0.01,XAUUSD,4968.837,4962.3640000000005,,5139.591,-0.11,0,-6.48,,,user
1985697605,2026-02-03T16:43:17.384000,2026-02-03T16:45:16.534000,buy,0.01,0.01,XAUUSD,4982.88,4979.5560000000005,,5149.586,-0.11,0,-3.32,,,user
1985623436,2026-02-03T16:16:24.998000,2026-02-03T16:39:36.888000,buy,0.01,0.01,XAUUSD,4960.575,4992.924,4959.423,5051.627,-0.11,0,32.34,,,user
1985671642,2026-02-03T16:33:39.173000,2026-02-03T16:33:47.249000,buy,0.01,0.01,XAUUSD,4970.842,4973.509,,5137.535,-0.11,0,2.67,,,user
1985636306,2026-02-03T16:20:08.222000,2026-02-03T16:21:01.760000,buy,0.04,0.04,XAUUSD,4967.88,4971.384,,5092.66,-0.44,0,14.02,,,user
1985624272,2026-02-03T16:16:31.353000,2026-02-03T16:17:13.211000,buy,0.01,0.01,XAUUSD,4964.399,4967.356,,5214.837,-0.11,0,2.96,,,user
1985423506,2026-02-03T15:00:39.600000,2026-02-03T15:59:03.816000,buy,0.01,0.01,XAUUSD,4919.531,4931.984,4876.16,,-0.11,0,12.45,,,user
1985415560,2026-02-03T14:57:51.050000,2026-02-03T14:58:32.766000,sell,0.01,0.01,XAUUSD,4916.666,4918.905,4924.05,,-0.11,0,-2.24,,,user
1985412109,2026-02-03T14:56:54.608000,2026-02-03T14:57:38.983000,buy,0.01,0.01,XAUUSD,4925.278,4919.081,4919.081,,-0.11,0,-6.2,,,sl
1985400207,2026-02-03T14:52:15.723000,2026-02-03T14:53:15.078000,sell,0.01,0.01,XAUUSD,4921.941,4927.188,4926.767,4911.898,-0.11,0,-5.25,,,sl
1985385610,2026-02-03T14:46:22.328000,2026-02-03T14:47:27.211000,sell,0.02,0.02,XAUUSD,4914.655,4917.143,4920.172,4906.787,-0.22,0,-4.98,,,user
1985379931,2026-02-03T14:44:16.338000,2026-02-03T14:45:22.617000,sell,0.02,0.02,XAUUSD,4917.878,4917.621,4921.212,,-0.22,0,0.52,,,user
1985378511,2026-02-03T14:43:49.575000,2026-02-03T14:43:58.594000,sell,0.02,0.02,XAUUSD,4914.579,4920.219,4919.298,,-0.22,0,-11.28,,,sl
1985372486,2026-02-03T14:42:07.729000,2026-02-03T14:43:11.990000,sell,0.01,0.01,XAUUSD,4921.321,4917.446,4926.579,,-0.11,0,3.87,,,user
1985360790,2026-02-03T14:39:12.306000,2026-02-03T14:39:41.548000,buy,0.01,0.01,XAUUSD,4911.643,4916.319,4897.704,,-0.11,0,4.68,,,user
1985350142,2026-02-03T14:36:29.705000,2026-02-03T14:38:28.435000,buy,0.02,0.02,XAUUSD,4907.916,4898.303,4895.32,4923.136,-0.22,0,-19.22,,,user
1985346668,2026-02-03T14:35:41.143000,2026-02-03T14:36:07.479000,buy,0.02,0.02,XAUUSD,4906.505,4899.294,4899.294,4924.725,-0.22,0,-14.42,,,sl
1985329010,2026-02-03T14:32:14.917000,2026-02-03T14:32:23.358000,buy,0.02,0.02,XAUUSD,4918.771,4916.12,4908.88,,-0.22,0,-5.3,,,user
1985302347,2026-02-03T14:24:58.164000,2026-02-03T14:29:52.038000,sell,0.01,0.01,XAUUSD,4910.349,4924.677000000001,4924.329,,-0.11,0,-14.33,,,sl
1985287990,2026-02-03T14:20:28.997000,2026-02-03T14:29:51.961000,sell,0.01,0.01,XAUUSD,4911.835,4924.421,4924.421,4884.75,-0.11,0,-12.58,,,sl
1985225089,2026-02-03T14:00:45.153000,2026-02-03T14:15:21.094000,sell,0.01,0.01,XAUUSD,4918.305,4921.021000000001,4941.243,4903.726,-0.11,0,-2.71,,,user
1985249642,2026-02-03T14:08:49.569000,2026-02-03T14:10:55.476000,sell,0.01,0.01,XAUUSD,4925.982,4923.579000000001,4930.484,4921.706,-0.11,0,2.4,,,user
1985201745,2026-02-03T13:53:37.458000,2026-02-03T13:59:40.961000,sell,0.01,0.01,XAUUSD,4927.22,4934.589,4950.798,4874.187,-0.11,0,-7.37,,,user
1985083538,2026-02-03T13:09:09.855000,2026-02-03T13:28:18.568000,sell,0.01,0.01,XAUUSD,4923.845,4933.113,4935.481,4918.562,-0.11,0,-9.26,,,user
1985076306,2026-02-03T13:06:08.667000,2026-02-03T13:06:36.049000,sell,0.01,0.01,XAUUSD,4925.26,4929.271000000001,4931.828,4906.268,-0.11,0,-4.01,,,user
1985019271,2026-02-03T12:34:40.073000,2026-02-03T12:43:20.543000,buy,0.01,0.01,XAUUSD,4915.455,4914.7570000000005,4906.739,4926.529,-0.11,0,-0.7,,,user
1984846741,2026-02-03T11:15:04.420000,2026-02-03T11:15:30.181000,buy,0.01,0.01,XAUUSD,4907.562,4908.682,4897.771,4927.922,-0.11,0,1.12,,,user
1984839232,2026-02-03T11:09:36.226000,2026-02-03T11:10:54.943000,buy,0.01,0.01,XAGUSD,86.617,86.845,86.498,,-1,0,11.4,,,user
1984837077,2026-02-03T11:07:46.654000,2026-02-03T11:08:44.367000,buy,0.01,0.01,XAGUSD,86.744,86.44500000000001,86.465,,-1,0,-14.95,,,sl
1984827468,2026-02-03T11:04:06.727000,2026-02-03T11:05:22.541000,buy,0.01,0.01,XAUUSD,4898.185,4904.746,4890.277,,-0.11,0,6.56,,,user
1984807000,2026-02-03T10:56:43.165000,2026-02-03T10:57:02.282000,buy,0.01,0.01,XAUUSD,4915.463,4907.759,,,-0.11,0,-7.7,,,user
1984690992,2026-02-03T09:45:47.028000,2026-02-03T10:56:59.590000,buy,0.01,0.01,XAUUSD,4925.107,4910.153,4911.236,,-0.11,0,-14.96,,,sl
1984805850,2026-02-03T10:55:25.821000,2026-02-03T10:55:41.409000,buy,0.01,0.01,XAUUSD,4916.379,4917.4980000000005,,,-0.11,0,1.12,,,user
1984804067,2026-02-03T10:53:50.765000,2026-02-03T10:54:35.488000,buy,0.01,0.01,XAUUSD,4915.239,4916.251,4913.085,4919.501,-0.11,0,1.01,,,user
1984711071,2026-02-03T09:56:18.613000,2026-02-03T10:10:06.502000,buy,0.01,0.01,XAUUSD,4919.123,4923.731,4911.29,,-0.11,0,4.61,,,user
1984732586,2026-02-03T10:08:06.204000,2026-02-03T10:09:13.202000,buy,0.01,0.01,XAUUSD,4915.129,4916.438,,,-0.11,0,1.31,,,user
1984731038,2026-02-03T10:07:15.314000,2026-02-03T10:07:35.751000,buy,0.01,0.01,XAUUSD,4915.026,4917.962,,,-0.11,0,2.93,,,user
1984661782,2026-02-03T09:34:17.678000,2026-02-03T09:35:30.795000,sell,0.01,0.01,XAUUSD,4896.001,4902.5960000000005,4902.689,4881.998,-0.11,0,-6.6,,,user
1984610744,2026-02-03T09:16:13.879000,2026-02-03T09:16:35.169000,sell,0.01,0.01,XAUUSD,4913.308,4901.63,4917.591,4902.191,-0.11,0,11.68,,,tp
1984600858,2026-02-03T09:11:40.764000,2026-02-03T09:15:06.451000,buy,0.01,0.01,XAUUSD,4913.717,4916.012,4907.738,4925.62,-0.11,0,2.29,,,user
1984586521,2026-02-03T09:05:18.717000,2026-02-03T09:06:02.522000,buy,0.01,0.01,XAUUSD,4915.313,4918.187,4908.18,4928.603,-0.11,0,2.88,,,user
1984536611,2026-02-03T08:46:22.301000,2026-02-03T08:46:39.490000,buy,0.01,0.01,XAUUSD,4935.248,4932.9,4932.9,4939.49,-0.11,0,-2.35,,,sl
1984527240,2026-02-03T08:42:44.153000,2026-02-03T08:43:41.552000,buy,0.01,0.01,XAUUSD,4945.828,4938.703,4939.29,4953.909,-0.11,0,-7.13,,,sl
1984489141,2026-02-03T08:41:19.820000,2026-02-03T08:41:40.497000,buy,0.01,0.01,XAUUSD,4942.679,4939.218,4939.218,4953.477,-0.11,0,-3.46,,,sl
1984504493,2026-02-03T08:34:13.164000,2026-02-03T08:36:05.627000,sell,0.01,0.01,XAUUSD,4931.417,4939.724,4938.979,4920.803,-0.11,0,-8.3,,,sl
1984498751,2026-02-03T08:31:38.925000,2026-02-03T08:33:18.444000,sell,0.01,0.01,XAUUSD,4931.85,4935.741,4935.741,4921.481,-0.11,0,-3.89,,,sl
1984406030,2026-02-03T08:00:55.789000,2026-02-03T08:06:24.029000,sell,0.01,0.01,XAUUSD,4910.327,4901.085,4912.232,4893.487,-0.11,0,9.24,,,user
1984395815,2026-02-03T07:57:28.750000,2026-02-03T07:58:36.551000,sell,0.01,0.01,XAUUSD,4917.239,4921.863,4921.863,4901.596,-0.11,0,-4.62,,,sl
1984383596,2026-02-03T07:53:04.704000,2026-02-03T07:53:52.236000,sell,0.01,0.01,XAUUSD,4914.71,4915.3330000000005,4920.794,4906.508,-0.11,0,-0.62,,,user
1984298216,2026-02-03T07:19:22.021000,2026-02-03T07:23:54.508000,buy,0.01,0.01,XAUUSD,4883.99,4891.495,4882.608,,-0.11,0,7.51,,,user
1984270286,2026-02-03T07:07:26.356000,2026-02-03T07:09:46.578000,buy,0.01,0.01,XAUUSD,4882.877,4884.789,,,-0.11,0,1.91,,,user
1983691000,2026-02-03T03:31:12.600000,2026-02-03T03:37:20.009000,buy,0.01,0.01,XAUUSD,4780.736,4791.537,4768.777,4805.842,-0.11,0,10.8,,,user
1983093363,2026-02-03T00:08:04.131000,2026-02-03T00:09:01.058000,buy,0.01,0.01,XAUUSD,4782.762,4778.6720000000005,4779.305,,-0.11,0,-4.09,,,sl
1983087120,2026-02-03T00:05:26.336000,2026-02-03T00:06:06.456000,buy,0.01,0.01,XAUUSD,4786.736,4778.9130000000005,4779.618,,-0.11,0,-7.83,,,sl
1983079809,2026-02-03T00:03:05.066000,2026-02-03T00:04:25.384000,buy,0.01,0.01,XAUUSD,4785.181,4793.62,4772.352,,-0.11,0,8.44,,,user
1983071996,2026-02-03T00:00:09.260000,2026-02-03T00:01:12.511000,buy,0.01,0.01,XAUUSD,4777.336,4776.51,4777.652,,-0.11,0,-0.83,,,sl
1982963453,2026-02-02T23:07:41.207000,2026-02-02T23:23:49.162000,buy,0.01,0.01,XAUUSD,4704.992,4748.002,4707.534,4796.239,-0.11,0,43.01,,,user
1982964657,2026-02-02T23:08:20.417000,2026-02-02T23:08:42.943000,buy,0.01,0.01,XAUUSD,4714.268,4720.965,,,-0.11,0,6.7,,,user
1982783307,2026-02-02T19:28:28.920000,2026-02-02T19:28:33.701000,sell,0.01,0.01,XAUUSD,4641.694,4644.5560000000005,,,-0.11,0,-2.87,,,user
1982780984,2026-02-02T19:26:08.322000,2026-02-02T19:26:44.764000,sell,0.01,0.01,XAUUSD,4648.629,4641.253,4648.397,4637.839,-0.11,0,7.38,,,user
1982768871,2026-02-02T19:14:16.246000,2026-02-02T19:15:42.566000,sell,0.01,0.01,XAUUSD,4651.623,4645.409,4654.035,4636.734,-0.11,0,6.21,,,user
1982765734,2026-02-02T19:11:11.859000,2026-02-02T19:12:25.163000,buy,0.01,0.01,XAUUSD,4657.758,4660.178,4652.71,,-0.11,0,2.42,,,user
1982763139,2026-02-02T19:09:22.497000,2026-02-02T19:10:02.925000,sell,0.01,0.01,XAUUSD,4646.935,4645.053000000001,4646.589,,-0.11,0,1.89,,,user
1982760588,2026-02-02T19:07:03.518000,2026-02-02T19:07:20.341000,sell,0.01,0.01,XAUUSD,4645.173,4649.385,4660.827,,-0.11,0,-4.22,,,user
1982753135,2026-02-02T19:00:30.059000,2026-02-02T19:02:00.469000,sell,0.01,0.01,XAUUSD,4650.726,4643.796,4655.818,4616.524,-0.11,0,6.93,,,user
1982741040,2026-02-02T18:50:32.080000,2026-02-02T18:52:01.584000,sell,0.01,0.01,XAUUSD,4661.06,4656.113,4671.975,4642.192,-0.11,0,4.95,,,user
1982734156,2026-02-02T18:45:09.308000,2026-02-02T18:45:45.678000,sell,0.01,0.01,XAUUSD,4656.267,4652.162,,,-0.11,0,4.11,,,user
1982708544,2026-02-02T18:28:11.038000,2026-02-02T18:29:25.619000,sell,0.01,0.01,XAUUSD,4632.57,4630.499,4640.424,4614.006,-0.11,0,2.07,,,user
1982704883,2026-02-02T18:25:41.103000,2026-02-02T18:26:06.766000,sell,0.01,0.01,XAUUSD,4634.439,4631.649,4643.129,4577.209,-0.11,0,2.79,,,user
1982699382,2026-02-02T18:22:08.314000,2026-02-02T18:22:24.925000,sell,0.01,0.01,XAUUSD,4635.045,4638.457,4665.677,4569.457,-0.11,0,-3.41,,,user
1982682738,2026-02-02T18:13:04.402000,2026-02-02T18:17:42.301000,sell,0.01,0.01,XAUUSD,4649.74,4633.764,4653.058,4593.589,-0.11,0,15.98,,,user
1982665749,2026-02-02T18:05:58.247000,2026-02-02T18:10:55.738000,sell,0.01,0.01,XAUUSD,4654.273,4670.788,4670.788,4574.564,-0.11,0,-16.52,,,sl
1982642199,2026-02-02T17:52:42.092000,2026-02-02T17:52:49.129000,buy,0.01,0.01,XAUUSD,4679.735,4682.526,,,-0.11,0,2.79,,,user
1982617367,2026-02-02T17:37:10.174000,2026-02-02T17:37:27.348000,sell,0.01,0.01,XAUUSD,4669.6,4663.976000000001,,,-0.11,0,5.62,,,user
1982584296,2026-02-02T17:22:04.946000,2026-02-02T17:22:21.213000,sell,0.01,0.01,XAUUSD,4679.956,4678.393,,,-0.11,0,1.57,,,user
1982550758,2026-02-02T17:06:38.726000,2026-02-02T17:08:43.220000,buy,0.01,0.01,XAUUSD,4697.687,4705.951,4688.108,4749.946,-0.11,0,8.26,,,user
1982513476,2026-02-02T16:48:57.290000,2026-02-02T16:54:01.633000,buy,0.01,0.01,XAUUSD,4662.321,4663.892,4649.784,4683.286,-0.11,0,1.57,,,user
1982482446,2026-02-02T16:36:48.627000,2026-02-02T16:38:12.270000,sell,0.01,0.01,XAUUSD,4661.121,4673.001,4673.001,4626.128,-0.11,0,-11.88,,,sl
1982395953,2026-02-02T16:10:48.472000,2026-02-02T16:11:01.946000,buy,0.01,0.01,XAUUSD,4675.965,4683.044,4668.416,4708.882,-0.11,0,7.07,,,user
1982355955,2026-02-02T16:00:49.510000,2026-02-02T16:02:33.959000,sell,0.01,0.01,XAUUSD,4615.271,4607.167,4640.8,,-0.11,0,8.1,,,user
1982317378,2026-02-02T15:50:24.467000,2026-02-02T15:51:00.637000,sell,0.01,0.01,XAUUSD,4652.59,4658.917,4663.472,,-0.11,0,-6.33,,,user
1982312709,2026-02-02T15:49:07.387000,2026-02-02T15:49:22.074000,sell,0.01,0.01,XAUUSD,4653.233,4659.900000000001,,,-0.11,0,-6.67,,,user
1982231689,2026-02-02T15:28:03.909000,2026-02-02T15:31:00.723000,sell,0.01,0.01,XAUUSD,4688.371,4657.137,4685.791,4642.355,-0.11,0,31.23,,,user
1982221120,2026-02-02T15:25:09.319000,2026-02-02T15:25:33.172000,buy,0.01,0.01,XAUUSD,4702.634,4705.777,4696.432,4744.67,-0.11,0,3.15,,,user
1982214325,2026-02-02T15:23:32.681000,2026-02-02T15:24:51.144000,sell,0.01,0.01,XAUUSD,4694.722,4699.502,4706.35,4648.65,-0.11,0,-4.78,,,user
1982195776,2026-02-02T15:17:48.683000,2026-02-02T15:18:19.719000,sell,0.01,0.02,XAUUSD,4713.284,4708.381,4725.672,4667.974,-0.22,0,4.9,,,user
1982195776,2026-02-02T15:17:48.683000,2026-02-02T15:18:14.137000,sell,0.01,0.02,XAUUSD,4713.284,4706.112,4725.672,4667.974,,0,7.17,,,user
1982194322,2026-02-02T15:17:24.592000,2026-02-02T15:17:37.155000,buy,0.01,0.01,XAUUSD,4724.668,4717.999,4717.999,4772.905,-0.11,0,-6.67,,,sl
1982191810,2026-02-02T15:16:46.485000,2026-02-02T15:16:59.375000,sell,0.01,0.01,XAUUSD,4718.042,4724.1,4731.833,4668.263,-0.11,0,-6.06,,,user
1982181879,2026-02-02T15:14:02.615000,2026-02-02T15:14:24.189000,sell,0.01,0.01,XAUUSD,4696.745,4708.57,4713.897,4650.329,-0.11,0,-11.82,,,user
1982174832,2026-02-02T15:11:53.828000,2026-02-02T15:12:55.830000,sell,0.01,0.01,XAUUSD,4710.812,4710.262,4722.841,4667.66,-0.11,0,0.55,,,user
1982021569,2026-02-02T14:33:21.942000,2026-02-02T14:33:34.591000,buy,0.01,0.01,XAUUSD,4744.868,4747.104,4730.919,4788.92,-0.11,0,2.23,,,user
1981963285,2026-02-02T14:19:17.253000,2026-02-02T14:22:00.521000,sell,0.01,0.01,XAUUSD,4710.711,4694.722,4711.105,4661.358,-0.11,0,15.99,,,user
1981950521,2026-02-02T14:15:10.420000,2026-02-02T14:15:58.286000,buy,0.01,0.01,XAUUSD,4727.99,4721.744,4704.13,4781.46,-0.11,0,-6.25,,,user
1981773568,2026-02-02T13:25:37.221000,2026-02-02T13:32:02.325000,sell,0.01,0.01,XAUUSD,4739.682,4721.0650000000005,4761.993,4686.376,-0.11,0,18.61,,,user
1981739405,2026-02-02T13:17:05.452000,2026-02-02T13:19:02.565000,sell,0.01,0.01,XAUUSD,4769.933,4753.033,4772.802,4737.221,-0.11,0,16.9,,,user
1981588405,2026-02-02T12:36:11.579000,2026-02-02T12:38:06.923000,sell,0.01,0.01,XAUUSD,4774.505,4779.505,4780.322,4763.687,-0.11,0,-5,,,user
1981574760,2026-02-02T12:31:08.085000,2026-02-02T12:31:53.636000,buy,0.01,0.01,XAUUSD,4776.725,4783.9490000000005,4772.45,4786.933,-0.11,0,7.22,,,user
1981566228,2026-02-02T12:27:27.027000,2026-02-02T12:28:41.687000,buy,0.02,0.02,XAUUSD,4780.015,4775.963,4774.468,4788.693,-0.22,0,-8.1,,,user
1981295614,2026-02-02T10:38:16.875000,2026-02-02T10:38:52.953000,sell,0.05,0.05,XAUUSD,4673.556,4681,4688.222,4627.032,-0.55,0,-37.22,-0.53,,so
1981274981,2026-02-02T10:30:31.522000,2026-02-02T10:36:45.805000,buy,0.01,0.01,XAUUSD,4681.703,4672.049,4672.293,4748.76,-0.11,0,-9.65,,,sl
1981140706,2026-02-02T09:42:03.574000,2026-02-02T09:42:17.991000,buy,0.05,0.05,XAUUSD,4702.282,4694.073,4689.577,4738.531,-0.55,0,-41.04,-0.18,,so
1981138287,2026-02-02T09:41:18.065000,2026-02-02T09:41:46.830000,buy,0.05,0.05,XAUUSD,4712.931,4704.099,4699.734,4748.688,-0.55,0,-44.16,,,user
1981136896,2026-02-02T09:41:03.998000,2026-02-02T09:41:09.748000,buy,0.03,0.03,XAUUSD,4709.658,4709.455,4670.074,4744.164,-0.33,0,-0.6,,,user
1981122937,2026-02-02T09:36:17.730000,2026-02-02T09:37:40.607000,buy,0.01,0.03,XAUUSD,4692.008,4699.551,4683.654,4714.843,-0.33,0,7.54,,,user
1981122937,2026-02-02T09:36:17.730000,2026-02-02T09:37:05.997000,buy,0.02,0.03,XAUUSD,4692.008,4697.576,4683.654,4714.843,,0,11.13,,,user
1981119532,2026-02-02T09:35:16.112000,2026-02-02T09:35:33.369000,buy,0.01,0.01,XAGUSD,79.518,79.288,78.912,,-1,0,-11.5,,,user
1981104179,2026-02-02T09:30:24.092000,2026-02-02T09:30:50.820000,buy,0.01,0.01,XAGUSD,79.145,79.428,78.798,79.81,-1,0,14.15,,,user
1981084973,2026-02-02T09:25:12.769000,2026-02-02T09:26:29.385000,buy,0.01,0.01,XAGUSD,78.467,78.899,78.537,79.085,-1,0,21.6,,,user
1981075249,2026-02-02T09:20:48.792000,2026-02-02T09:24:39.045000,sell,0.01,0.01,XAGUSD,77.528,78.56200000000001,,76.778,-1,0,-51.7,,,user
1981080487,2026-02-02T09:22:51.522000,2026-02-02T09:24:38.972000,sell,0.01,0.01,XAGUSD,78.186,78.56200000000001,,77.372,-1,0,-18.8,,,user
1981073195,2026-02-02T09:20:06.216000,2026-02-02T09:20:29.703000,buy,0.01,0.01,XAGUSD,78.034,77.756,77.756,78.864,-1,0,-13.9,,,sl
1981070875,2026-02-02T09:19:04.723000,2026-02-02T09:19:24.967000,buy,0.01,0.01,XAGUSD,77.891,77.612,77.612,78.72,-1,0,-13.95,,,sl
1981063318,2026-02-02T09:16:04.376000,2026-02-02T09:17:25.939000,sell,0.01,0.01,XAGUSD,77.365,77.886,77.886,76.66,-1,0,-26.05,,,sl
1981057635,2026-02-02T09:13:27.443000,2026-02-02T09:13:55.006000,sell,0.01,0.01,XAGUSD,77.998,77.783,78.268,77.534,-1,0,10.75,,,user
1981051046,2026-02-02T09:11:36.954000,2026-02-02T09:12:41.695000,buy,0.01,0.01,XAGUSD,78.061,78.20400000000001,77.807,78.733,-1,0,7.15,,,user
1981048560,2026-02-02T09:11:02.096000,2026-02-02T09:11:06.679000,buy,0.03,0.03,XAUUSD,4640.836,4642.843,4629.372,4691.192,-0.33,0,6.02,,,user
1981037679,2026-02-02T09:07:28.732000,2026-02-02T09:10:41.475000,sell,0.01,0.01,XAUUSD,4624.664,4637.048,4651.559,,-0.11,0,-12.39,,,user
1981046329,2026-02-02T09:10:15.824000,2026-02-02T09:10:38.318000,sell,0.01,0.01,XAUUSD,4630.793,4637.963,4637.963,4577.219,-0.11,0,-7.17,,,sl
1981032129,2026-02-02T09:05:39.095000,2026-02-02T09:06:45.645000,buy,0.01,0.02,XAUUSD,4633.15,4623.669,4623.035,4647.066,-0.22,0,-9.48,,,user
1981032129,2026-02-02T09:05:39.095000,2026-02-02T09:05:58.595000,buy,0.01,0.02,XAUUSD,4633.15,4635.059,4623.035,4647.066,,0,1.91,,,user
1981029108,2026-02-02T09:04:58.090000,2026-02-02T09:05:27.588000,sell,0.01,0.01,XAUUSD,4627.677,4629.314,4641.396,4575.761,-0.11,0,-1.63,,,user
1981022019,2026-02-02T09:03:05.137000,2026-02-02T09:04:28.339000,sell,0.01,0.01,XAUUSD,4615.663,4623.021,4645.693,4565.777,-0.11,0,-7.36,,,user
1980998187,2026-02-02T08:54:12.585000,2026-02-02T08:55:45.304000,buy,0.01,0.01,XAUUSD,4649.985,4636.5650000000005,4636.932,4672.957,-0.11,0,-13.42,,,sl
1980992289,2026-02-02T08:52:04.505000,2026-02-02T08:53:03.492000,sell,0.01,0.02,XAUUSD,4630.609,4637.849,4639.909,4580.939,-0.22,0,-7.24,,,user
1980992289,2026-02-02T08:52:04.505000,2026-02-02T08:52:11.871000,sell,0.01,0.02,XAUUSD,4630.609,4629.585,4639.909,4580.939,,0,1.02,,,user
1980983108,2026-02-02T08:48:04.824000,2026-02-02T08:51:07.853000,sell,0.01,0.02,XAUUSD,4641.519,4650.488,4650.488,,-0.22,0,-8.97,,,sl
1980983108,2026-02-02T08:48:04.824000,2026-02-02T08:48:44.233000,sell,0.01,0.02,XAUUSD,4641.519,4643.003,4650.488,,,0,-1.48,,,user
1980977267,2026-02-02T08:45:47.427000,2026-02-02T08:46:59.341000,sell,0.01,0.01,XAUUSD,4636.095,4646.479,4650.863,4603.519,-0.11,0,-10.38,,,user
1980967673,2026-02-02T08:42:31.195000,2026-02-02T08:42:42.527000,buy,0.01,0.01,XAUUSD,4633.895,4641.0160000000005,4625.912,4684.887,-0.11,0,7.12,,,user
1980963286,2026-02-02T08:41:20.863000,2026-02-02T08:41:57.575000,sell,0.01,0.01,XAUUSD,4623.919,4631.89,4631.55,4554.493,-0.11,0,-7.97,,,sl
1980953898,2026-02-02T08:37:53.816000,2026-02-02T08:38:13.780000,sell,0.01,0.01,XAUUSD,4618.298,4611.302,4630.883,4545.336,-0.11,0,7,,,user
1980940115,2026-02-02T08:32:58.550000,2026-02-02T08:35:06.974000,sell,0.01,0.01,XAUUSD,4640.205,4626.812,4651.078,4566.948,-0.11,0,13.4,,,user
1980899902,2026-02-02T08:17:47.488000,2026-02-02T08:19:53.901000,sell,0.01,0.01,XAUUSD,4614.888,4631.095,4631.095,4546.965,-0.11,0,-16.21,,,sl
1980849751,2026-02-02T08:00:04.128000,2026-02-02T08:07:21.327000,sell,0.01,0.01,XAUUSD,4589.507,4594.152,4596.795,4546.597,-0.11,0,-4.64,,,user
1980853629,2026-02-02T08:01:11.396000,2026-02-02T08:01:39.030000,sell,0.01,0.01,XAUUSD,4585.014,4578.303,4599.287,4555.853,-0.11,0,6.71,,,user
1980828206,2026-02-02T07:51:46.414000,2026-02-02T07:53:25.923000,sell,0.01,0.01,XAUUSD,4591.275,4586.036,4593.853,4570.715,-0.11,0,5.24,,,user
1980796457,2026-02-02T07:42:09.970000,2026-02-02T07:45:48.746000,sell,0.01,0.01,XAUUSD,4577.229,4592.657,4592.418,4491.811,-0.11,0,-15.43,,,sl
1980785945,2026-02-02T07:39:03.797000,2026-02-02T07:40:34.754000,sell,0.01,0.01,XAUUSD,4562.193,4574.998,4574.998,4509.298,-0.11,0,-12.81,,,sl
1980722505,2026-02-02T07:17:02.386000,2026-02-02T07:24:25.386000,sell,0.01,0.01,XAUUSD,4536.889,4554.655,4553.924,4488.224,-0.11,0,-17.77,,,sl
1980715030,2026-02-02T07:15:20.419000,2026-02-02T07:15:49.164000,sell,0.01,0.01,XAUUSD,4535.775,4556.031,4556.031,4490.335,-0.11,0,-20.25,,,sl
1980660278,2026-02-02T06:58:53.909000,2026-02-02T06:59:04.649000,buy,0.01,0.01,XAUUSD,4504.25,4499.555,4499.555,4556.385,-0.11,0,-4.69,,,sl
1980626416,2026-02-02T06:50:07.267000,2026-02-02T06:50:44.260000,buy,0.01,0.01,XAUUSD,4443.055,4469.821,4429.893,4493.157,-0.11,0,26.76,,,user
1980607759,2026-02-02T06:45:08.317000,2026-02-02T06:49:12.405000,buy,0.01,0.01,XAUUSD,4458.55,4438.679,4438.679,4495.685,-0.11,0,-19.87,,,sl
1980476506,2026-02-02T06:17:04.416000,2026-02-02T06:19:32.211000,sell,0.01,0.01,XAUUSD,4529.179,4524.812,4543.663,4495.386,-0.11,0,4.37,,,user
1980468654,2026-02-02T06:14:40.821000,2026-02-02T06:14:45.917000,buy,0.01,0.01,XAUUSD,4538.659,4537.835,,,-0.11,0,-0.82,,,user
1980449149,2026-02-02T06:09:03.050000,2026-02-02T06:09:47.914000,buy,0.01,0.01,XAUUSD,4536.869,4561.611,4521.219,4577.543,-0.11,0,24.74,,,user
1980416799,2026-02-02T06:00:08.337000,2026-02-02T06:00:58.124000,buy,0.01,0.01,XAUUSD,4552.378,4566.695,4539.429,4590.722,-0.11,0,14.32,,,user
1980408420,2026-02-02T05:58:17.164000,2026-02-02T05:58:31.773000,buy,0.01,0.01,XAUUSD,4541.073,4552.352,,,-0.11,0,11.28,,,user
1979839741,2026-02-02T03:12:03.326000,2026-02-02T03:13:05.577000,buy,0.01,0.01,XAUUSD,4709.35,4714.269,4703.565,4718.749,-0.11,0,4.92,,,user
1979755310,2026-02-02T02:46:04.410000,2026-02-02T02:48:45.911000,sell,0.01,0.01,XAUUSD,4754.713,4737.019,4765.867,4691.179,-0.11,0,17.69,,,user
1979733902,2026-02-02T02:38:20.092000,2026-02-02T02:42:55.697000,sell,0.01,0.01,XAUUSD,4755.059,4772.245,4771.143,4744.224,-0.11,0,-17.19,,,sl
1979679833,2026-02-02T02:18:18.459000,2026-02-02T02:32:01.979000,sell,0.01,0.01,XAUUSD,4725.562,4753.448,4750.961,4647.244,-0.11,0,-27.89,,,sl
1979653159,2026-02-02T02:08:48.183000,2026-02-02T02:16:31.160000,sell,0.01,0.01,XAUUSD,4720.499,4741.922,4741.922,4671.944,-0.11,0,-21.42,,,sl
1979635662,2026-02-02T02:02:29.018000,2026-02-02T02:07:08.469000,sell,0.01,0.01,XAUUSD,4726.901,4717.453,4750.796,4663.103,-0.11,0,9.45,,,user
1979412324,2026-02-02T00:50:39.682000,2026-02-02T00:51:26.962000,sell,0.01,0.01,XAUUSD,4796.265,4785.253,4808.746,4774.764,-0.11,0,11.02,,,user
1979398315,2026-02-02T00:45:36.058000,2026-02-02T00:45:43,sell,0.01,0.01,XAUUSD,4802.59,4797.937,4821.546,4781.929,-0.11,0,4.65,,,user
1979393309,2026-02-02T00:44:06.941000,2026-02-02T00:44:52.908000,sell,0.01,0.01,XAUUSD,4810.515,4797.921,4833.735,4752.064,-0.11,0,12.6,,,user
1979382830,2026-02-02T00:39:22.882000,2026-02-02T00:40:57.681000,sell,0.01,0.01,XAUUSD,4833.865,4829.212,4846.277,4793.153,-0.11,0,4.66,,,user
1979348767,2026-02-02T00:26:25.288000,2026-02-02T00:28:40.967000,sell,0.01,0.01,XAUUSD,4852.558,4839.461,4879.728,4792.526,-0.11,0,13.1,,,user
1979252354,2026-02-01T23:51:55.661000,2026-02-01T23:52:15.084000,sell,0.01,0.01,XAUUSD,4744.666,4756.812,4756.311,,-0.11,0,-12.14,,,sl
1979229361,2026-02-01T23:45:35.936000,2026-02-01T23:48:54.680000,sell,0.01,0.01,XAUUSD,4768.54,4727.781,4760.647,,-0.11,0,40.76,,,user
1979201939,2026-02-01T23:30:53.755000,2026-02-01T23:32:16.151000,sell,0.01,0.01,XAUUSD,4720.053,4733.228,4732.762,,-0.11,0,-13.18,,,sl
1979060534,2026-02-01T17:48:20.592000,2026-02-01T17:49:13.695000,sell,0.05,0.05,BTCUSD,77447.6,77322.63,77511.62,77322.63,-0.8,0,6.25,,,tp
1979059664,2026-02-01T17:43:53.628000,2026-02-01T17:46:14.733000,sell,0.03,0.03,BTCUSD,77411.08,77491.2,77483.76,77214.84,-0.48,0,-2.41,,,sl
1979054964,2026-02-01T17:32:05.914000,2026-02-01T17:41:13.016000,sell,0.02,0.05,BTCUSD,77399.46,77449.05,77607.05,76067.05,-0.8,0,-0.99,,,user
1979054964,2026-02-01T17:32:05.914000,2026-02-01T17:35:15.718000,sell,0.03,0.05,BTCUSD,77399.46,77320.77,77607.05,76067.05,,0,2.36,,,user
1979055128,2026-02-01T17:32:33.857000,2026-02-01T17:34:37.735000,sell,0.05,0.05,BTCUSD,77456.84,77315.74,77565.76,77067.2,-0.8,0,7.05,,,user
1979053666,2026-02-01T17:29:34.931000,2026-02-01T17:31:47.093000,buy,0.01,0.01,BTCUSD,77483.06,77358.16,77361.34,77847.75,-0.16,0,-1.25,,,sl
1979050847,2026-02-01T17:22:21.196000,2026-02-01T17:24:06.092000,sell,0.04,0.04,BTCUSD,77372.45,77302.26,77719.36,76807.61,-0.64,0,2.81,,,user
1979033285,2026-02-01T16:38:33.181000,2026-02-01T16:54:56.112000,sell,0.02,0.05,BTCUSD,77489.96,77275.54000000001,77510.57,75472.73,-0.8,0,4.29,,,user
1979033285,2026-02-01T16:38:33.181000,2026-02-01T16:54:48.260000,sell,0.03,0.05,BTCUSD,77489.96,77254.68000000001,77510.57,75472.73,,0,7.06,,,user
1979029453,2026-02-01T16:30:55.426000,2026-02-01T16:31:21.533000,sell,0.05,0.05,BTCUSD,77405.32,77509.95,78232.09,,-0.8,0,-5.23,,,user
1979004837,2026-02-01T15:54:54.762000,2026-02-01T15:57:39.540000,sell,0.01,0.01,BTCUSD,77444.69,77786.92,78237.99,,-0.16,0,-3.42,,,user
