type,lots,original_position_size,symbol,opening_price,closing_price,stop_loss,take_profit,commission_usd,profit_usd,close_reason,opening_time_bd,closing_time_bd,Images,Say,Unnamed: 15,Unnamed: 16,Unnamed: 17,Unnamed: 18,Unnamed: 19,Unnamed: 20,Unnamed: 21,swap_usd,trade_pnl,capital
sell,0.01,0.01,XAUUSD,4328.29,4330.277,4332.349,4302.701,-0.11,-1.99,user,2025-12-31 15:51:50,2025-12-31 16:02:50,"1min , 5min.png, 5min.png","right biasness, fomo entry, bad execution",,,,,,,,0,-2.1,101.57000000000001
buy,0.02,0.02,XAUUSD,4330.075,4328.599,4328.599,4335.461,-0.22,-2.95,sl,2025-12-31 16:05:00,2025-12-31 16:08:07,all,"Revenge Execution, Fomo entry, double position size",,,,,,,,0,-3.1700000000000004,98.4
sell,0.01,0.01,XAUUSD,4328.34,4330.138,4329.943,,-0.11,-1.8,sl,2025-12-31 16:10:25,2025-12-31 16:16:57,,"eki zone e bar bar entry , biasness thiki ache but sm tighter sl loss er karon",,,,,,,,0,-1.9100000000000001,96.49
sell,0.01,0.01,XAUUSD,4326.082,4318.48,4325.704,4318.48,-0.11,7.6,tp,2025-12-31 16:23:09,2025-12-31 16:30:01,,"finally sothik dike move kore, and baki sob trade er loss recover",,,,,,,,0,7.489999999999999,103.98
sell,0.01,0.01,XAUUSD,4310.353,4308.76,4312.888,,-0.11,1.59,user,2025-12-31 16:39:58,2025-12-31 16:41:31,,,,,,,,,,0,1.48,105.46
sell,0.01,0.01,XAUUSD,4307.755,4308.818,4311.436,4289.786,-0.11,-1.06,user,2025-12-31 16:37:04,2025-12-31 17:01:13,,,,,,,,,,0,-1.1700000000000002,104.29
sell,0.01,0.01,XAUUSD,4307.242,4305.684,4309.611,4291.948,-0.11,1.56,user,2025-12-31 17:02:12,2025-12-31 17:04:13,,,,,,,,,,0,1.45,105.74
buy,0.01,0.01,XAUUSD,4314.92,4312.1,4312.1,4324.526,-0.11,-2.82,sl,2025-12-31 17:14:03,2025-12-31 17:18:48,,,,,,,,,,0,-2.9299999999999997,102.81
sell,0.01,0.01,XAUUSD,4312.392,4311.281,4313.279,4309.076,-0.11,1.11,user,2025-12-31 17:32:47,2025-12-31 17:34:38,,,,,,,,,,0,1.0,103.81
sell,0.01,0.01,XAUUSD,4311.823,4313.654,4315.759,4278.185,-0.11,-1.83,user,2025-12-31 17:25:56,2025-12-31 17:38:23,,,,,,,,,,0,-1.9400000000000002,101.87
sell,0.01,0.01,XAUUSD,4312.57,4314.848,4314.848,,-0.11,-2.28,sl,2025-12-31 17:48:57,2025-12-31 17:49:56,Trade 5,,,,,,,,,0,-2.3899999999999997,99.48
buy,0.02,0.02,XAUUSD,4315.673,4313.466,4313.466,,-0.22,-4.42,sl,2025-12-31 17:50:46,2025-12-31 17:51:04,,,,,,,,,,0,-4.64,94.84
sell,0.01,0.01,XAUUSD,4312.486,4310.763,4315.948,,-0.11,1.73,user,2025-12-31 17:54:20,2025-12-31 18:00:31,,,,,,,,,,0,1.6199999999999999,96.46
sell,0.01,0.01,XAUUSD,4310.691,4308.776,4312.825,4308.23,-0.11,1.91,user,2025-12-31 18:03:23,2025-12-31 18:05:10,,,,,,,,,,0,1.7999999999999998,98.26
sell,0.01,0.01,XAUUSD,4307.922,4310.649,4310.649,,-0.11,-2.73,sl,2025-12-31 18:07:32,2025-12-31 18:08:45,,,,,,,,,,0,-2.84,95.42
buy,0.01,0.01,XAUUSD,4311.149,4308.924,4309.402,4317.085,-0.11,-2.23,sl,2025-12-31 18:09:16,2025-12-31 18:09:40,,,,,,,,,,0,-2.34,93.08
sell,0.02,0.02,XAUUSD,4309.262,4311.467,4311.467,4296.184,-0.22,-4.41,sl,2025-12-31 18:09:49,2025-12-31 18:11:57,,,,,,,,,,0,-4.63,88.45
buy,0.02,0.02,XAUUSD,4310.404,4308.393,4308.393,,-0.22,-4.02,sl,2025-12-31 18:12:13,2025-12-31 18:12:43,,,,,,,,,,0,-4.239999999999999,84.21000000000001
sell,0.03,0.03,XAUUSD,4309.12,4310.2,4311.134,4305.184,-0.33,-3.24,user,2025-12-31 18:13:27,2025-12-31 18:16:02,,,,,,,,,,0,-3.5700000000000003,80.64
sell,0.01,0.02,XAUUSD,4307.996,4306.633,4315.084,4288.501,0.0,1.37,user,2025-12-31 18:17:42,2025-12-31 18:23:35,,,,,,,,,,0,1.37,82.01
sell,0.01,0.01,XAUUSD,4306.919,4306.598,4307.644,,-0.11,0.32,user,2025-12-31 18:28:41,2025-12-31 18:29:31,,,,,,,,,,0,0.21000000000000002,82.22
sell,0.01,0.01,XAUUSD,4303.613,4307.53,4307.53,,-0.11,-3.92,sl,2025-12-31 18:25:06,2025-12-31 18:29:52,,,,,,,,,,0,-4.03,78.19
sell,0.01,0.02,XAUUSD,4307.996,4309.571,4315.084,4288.501,-0.22,-1.57,user,2025-12-31 18:17:42,2025-12-31 18:30:56,,,,,,,,,,0,-1.79,76.4
buy,0.01,0.03,XAUUSD,4310.385,4310.859,4307.527,,0.0,0.47,user,2025-12-31 18:31:22,2025-12-31 18:31:45,,,,,,,,,,0,0.47,76.87
buy,0.02,0.03,XAUUSD,4310.385,4309.871,4307.527,,-0.33,-1.03,user,2025-12-31 18:31:22,2025-12-31 18:32:21,,,,,,,,,,0,-1.36,75.51
sell,0.01,0.03,XAUUSD,4308.455,4309.608,4311.473,4303.626,0.0,-1.15,user,2025-12-31 18:33:09,2025-12-31 18:34:05,,,,,,,,,,0,-1.15,74.36
sell,0.02,0.03,XAUUSD,4308.455,4310.741,4311.473,4303.626,-0.33,-4.57,user,2025-12-31 18:33:09,2025-12-31 18:34:18,,,,,,,,,,0,-4.9,69.46000000000001
sell,0.02,0.02,XAUUSD,4312.988,4315.849,4315.359,,-0.22,-5.72,sl,2025-12-31 18:59:35,2025-12-31 19:00:16,,,,,,,,,,0,-5.9399999999999995,63.52
sell,0.01,0.01,XAUUSD,4314.823,4315.425,4318.221,,-0.11,-0.61,user,2025-12-31 18:54:06,2025-12-31 19:02:05,,,,,,,,,,0,-0.72,62.800000000000004
sell,0.01,0.02,XAUUSD,4313.282,4309.363,4313.078,,0.0,3.92,user,2025-12-31 19:04:38,2025-12-31 19:06:16,,,,,,,,,,0,3.92,66.72
sell,0.01,0.02,XAUUSD,4313.282,4311.463,4313.078,,-0.22,1.82,user,2025-12-31 19:04:38,2025-12-31 19:07:26,,,,,,,,,,0,1.6,68.32000000000001
sell,0.01,0.01,XAUUSD,4311.43,4310.031,4317.587,,-0.11,1.4,user,2025-12-31 19:10:30,2025-12-31 19:11:12,,,,,,,,,,0,1.2899999999999998,69.61000000000001
sell,0.01,0.01,XAUUSD,4311.455,4311.07,4313.221,4306.802,-0.11,0.39,user,2025-12-31 19:09:31,2025-12-31 19:11:52,,,,,,,,,,0,0.28,69.89000000000001
sell,0.01,0.01,XAUUSD,4314.449,4316.842,4316.53,4308.774,-0.11,-2.39,sl,2025-12-31 19:17:41,2025-12-31 19:20:39,,,,,,,,,,0,-2.5,67.39000000000001
buy,0.01,0.03,XAUUSD,4316.743,4319.885,4319.668,4330.774,0.0,3.15,user,2025-12-31 19:20:48,2025-12-31 19:21:50,,,,,,,,,,0,3.15,70.54
buy,0.01,0.03,XAUUSD,4316.743,4320.422,4319.668,4330.774,0.0,3.68,user,2025-12-31 19:20:48,2025-12-31 19:22:27,,,,,,,,,,0,3.68,74.22
buy,0.01,0.03,XAUUSD,4316.743,4322.898,4319.668,4330.774,-0.33,6.16,user,2025-12-31 19:20:48,2025-12-31 19:23:39,,,,,,,,,,0,5.83,80.05000000000001
buy,0.01,0.01,XAUUSD,4325.368,4325.6,4319.504,,-0.11,0.23,user,2025-12-31 19:26:07,2025-12-31 19:26:22,,,,,,,,,,0,0.12000000000000001,80.17
buy,0.01,0.01,XAUUSD,4325.128,4329.871,4325.967,4333.121,-0.11,4.74,user,2025-12-31 19:26:30,2025-12-31 19:32:04,,,,,,,,,,0,4.63,84.80000000000001
buy,0.01,0.01,XAUUSD,4342.007,4339.845,4338.254,4349.676,-0.11,-2.16,user,2025-12-31 19:51:50,2025-12-31 19:52:09,,,,,,,,,,0,-2.27,82.53
buy,0.01,0.01,XAUUSD,4343.135,4343.918,4338.996,4349.273,-0.11,0.78,user,2025-12-31 19:53:46,2025-12-31 19:55:12,,,,,,,,,,0,0.67,83.2
buy,0.01,0.01,XAUUSD,4345.154,4346.031,,,-0.11,0.88,user,2025-12-31 19:56:17,2025-12-31 19:56:52,,,,,,,,,,0,0.77,83.97
buy,0.01,0.01,XAUUSD,4338.721,4344.133,4339.868,4348.176,-0.11,5.41,user,2025-12-31 20:08:11,2025-12-31 20:17:06,,,,,,,,,,0,5.3,89.27000000000001
buy,0.01,0.01,XAUUSD,4339.525,4336.655,4336.655,,-0.11,-2.87,sl,2025-12-31 20:24:32,2025-12-31 20:25:16,,,,,,,,,,0,-2.98,86.29
sell,0.01,0.01,XAUUSD,4334.664,4340.486,4340.23,4314.27,-0.11,-5.83,sl,2025-12-31 20:26:42,2025-12-31 20:30:39,,,,,,,,,,0,-5.94,80.35000000000001
buy,0.01,0.02,XAUUSD,4342.719,4346.481,4342.38,4352.744,0.0,3.76,user,2025-12-31 20:32:23,2025-12-31 20:33:02,,,,,,,,,,0,3.76,84.11000000000001
buy,0.01,0.02,XAUUSD,4342.719,4342.38,4342.38,4352.744,-0.22,-0.34,sl,2025-12-31 20:32:23,2025-12-31 20:35:39,,,,,,,,,,0,-0.56,83.55000000000001
buy,0.01,0.01,XAUUSD,4337.702,4333.44,4333.44,4346.931,-0.11,-4.26,sl,2025-12-31 20:40:37,2025-12-31 20:41:25,,,,,,,,,,0,-4.37,79.18
buy,0.01,0.01,XAUUSD,4332.991,4334.11,,,-0.11,1.12,user,2025-12-31 20:41:26,2025-12-31 20:41:33,,,,,,,,,,0,1.01,80.19000000000001
buy,0.02,0.02,XAUUSD,4334.412,4337.383,,,-0.22,5.95,user,2025-12-31 20:41:44,2025-12-31 20:42:00,,,,,,,,,,0,5.73,85.92000000000002
buy,0.01,0.01,XAUUSD,4338.232,4344.189,4338.57,4346.807,-0.11,5.96,user,2025-12-31 20:42:53,2025-12-31 20:45:20,,,,,,,,,,0,5.85,91.77000000000001
buy,0.01,0.01,XAUUSD,4348.846,4348.183,4343.047,4355.126,-0.11,-0.67,user,2025-12-31 20:47:29,2025-12-31 20:47:59,,,,,,,,,,0,-0.78,90.99000000000001
buy,0.01,0.01,XAUUSD,4345.481,4345.984,4342.882,,-0.11,0.5,user,2025-12-31 20:49:15,2025-12-31 20:50:20,,,,,,,,,,0,0.39,91.38000000000001
buy,0.01,0.01,XAUUSD,4347.028,4343.934,4344.389,4355.291,-0.11,-3.1,sl,2026-01-02 06:07:07,2026-01-02 6:20:04,,,,,,,,,,0,-3.21,88.17000000000002
buy,0.01,0.01,XAUUSD,4346.522,4348.763,4343.465,4354.909,-0.11,2.24,user,2026-01-02 06:28:21,2026-01-02 6:40:00,,,,,,,,,,0,2.1300000000000003,90.30000000000001
buy,0.01,0.02,XAUUSD,4349.8,4349.701,4348.701,,0.0,-0.1,user,2026-01-02 06:43:08,2026-01-02 6:43:25,,,,,,,,,,0,-0.1,90.20000000000002
buy,0.01,0.02,XAUUSD,4349.8,4351.217,4348.701,,-0.22,1.42,user,2026-01-02 06:43:08,2026-01-02 6:50:51,,,,,,,,,,0,1.2,91.4
buy,0.01,0.01,XAUUSD,4352.002,4353.476,4348.571,,-0.11,1.48,user,2026-01-02 06:51:54,2026-01-02 7:01:29,,,,,,,,,,0,1.3699999999999999,92.77000000000001
buy,0.01,0.01,XAUUSD,4349.828,4348.45,4346.387,4354.782,-0.11,-1.38,user,2026-01-02 07:11:50,2026-01-02 7:14:11,,,,,,,,,,0,-1.49,91.28
buy,0.01,0.01,XAUUSD,4349.202,4347.928,4346.387,,-0.11,-1.27,user,2026-01-02 07:20:11,2026-01-02 7:20:54,,,,,,,,,,0,-1.3800000000000001,89.9
sell,0.01,0.01,XAUUSD,4347.575,4345.228,4349.986,4337.449,-0.11,2.35,user,2026-01-02 07:22:19,2026-01-02 7:26:13,,,,,,,,,,0,2.24,92.14000000000001
buy,0.01,0.01,XAUUSD,4349.268,4349.481,4346.477,4354.897,-0.11,0.21,user,2026-01-02 07:29:33,2026-01-02 7:32:03,,,,,,,,,,0,0.09999999999999999,92.24000000000001
buy,0.01,0.01,XAUUSD,4350.473,4349.312,4348.715,4354.673,-0.11,-1.16,user,2026-01-02 07:33:02,2026-01-02 7:36:41,,,,,,,,,,0,-1.27,90.97000000000001
buy,0.01,0.01,XAUUSD,4349.456,4348.166,4348.166,,-0.11,-1.29,sl,2026-01-02 07:40:12,2026-01-02 7:40:52,,,,,,,,,,0,-1.4000000000000001,89.57000000000001
sell,0.01,0.01,XAUUSD,4348.964,4346.518,4350.062,4346.518,-0.11,2.44,tp,2026-01-02 07:41:06,2026-01-02 7:41:59,,,,,,,,,,0,2.33,91.9
buy,0.01,0.01,XAUUSD,4352.623,4349.57,4349.57,4359.619,-0.11,-3.05,sl,2026-01-02 07:50:05,2026-01-02 7:55:44,,,,,,,,,,0,-3.1599999999999997,88.74000000000001
buy,0.01,0.01,XAUUSD,4349.0,4349.139,4349.139,4354.724,-0.11,0.14,sl,2026-01-02 08:01:02,2026-01-02 8:05:18,,,,,,,,,,0,0.030000000000000013,88.77000000000001
sell,0.01,0.01,XAUUSD,4347.121,4346.907,4349.771,4340.537,-0.11,0.21,user,2026-01-02 08:09:13,2026-01-02 8:13:04,,,,,,,,,,0,0.09999999999999999,88.87
buy,0.01,0.01,XAUUSD,4347.333,4345.358,4345.645,4351.253,-0.11,-1.97,sl,2026-01-02 08:15:26,2026-01-02 8:17:03,,,,,,,,,,0,-2.08,86.79
buy,0.01,0.02,XAUUSD,4346.537,4347.678,4345.599,4350.681,0.0,1.14,user,2026-01-02 08:18:16,2026-01-02 8:19:00,,,,,,,,,,0,1.14,87.93
buy,0.01,0.02,XAUUSD,4346.537,4345.599,4345.599,4350.681,-0.22,-0.94,sl,2026-01-02 08:18:16,2026-01-02 8:20:53,,,,,,,,,,0,-1.16,86.77000000000001
buy,0.01,0.01,XAUUSD,4347.261,4350.71,4344.879,4353.491,-0.11,3.45,user,2026-01-02 08:26:21,2026-01-02 8:35:37,,,,,,,,,,0,3.3400000000000003,90.11000000000001
buy,0.01,0.01,XAUUSD,4358.881,4358.717,4354.029,4371.02,-0.11,-0.16,user,2026-01-02 08:52:33,2026-01-02 8:55:41,,,,,,,,,,0,-0.27,89.84
buy,0.01,0.01,XAUUSD,4362.611,4361.18,4357.711,4369.391,-0.11,-1.43,user,2026-01-02 08:57:21,2026-01-02 8:57:33,,,,,,,,,,0,-1.54,88.30000000000001
buy,0.01,0.01,XAUUSD,4363.923,4364.352,4359.413,4409.82,-0.11,0.43,user,2026-01-02 09:00:28,2026-01-02 9:05:21,,,,,,,,,,0,0.32,88.62
buy,0.01,0.01,XAUUSD,4381.494,4379.246,4379.246,4385.118,-0.11,-2.24,sl,2026-01-02 11:55:49,2026-01-02 12:00:31,,,,,,,,,,0,-2.35,86.27000000000001
sell,0.01,0.01,XAUUSD,4376.668,4375.694,4381.282,4369.602,-0.11,0.98,user,2026-01-02 12:38:23,2026-01-02 12:40:26,,,,,,,,,,0,0.87,87.14000000000001
sell,0.01,0.01,XAUUSD,4377.979,4374.821,4378.614,4370.704,-0.11,3.16,user,2026-01-02 12:25:13,2026-01-02 12:45:42,,,,,,,,,,0,3.0500000000000003,90.19000000000001
sell,0.01,0.01,XAUUSD,4374.57,4376.351,4377.31,4367.521,-0.11,-1.78,user,2026-01-02 12:47:27,2026-01-02 12:52:49,,,,,,,,,,0,-1.8900000000000001,88.30000000000001
buy,0.01,0.01,XAUUSD,4375.74,4373.998,4373.412,4382.574,-0.11,-1.74,user,2026-01-02 12:53:15,2026-01-02 12:55:37,,,,,,,,,,0,-1.85,86.45
sell,0.01,0.01,XAUUSD,4373.933,4378.043,4378.369,4354.656,-0.11,-4.11,user,2026-01-02 12:55:49,2026-01-02 13:15:00,,,,,,,,,,0,-4.220000000000001,82.23
buy,0.01,0.02,XAUUSD,4376.707,4375.594,4374.565,4381.138,0.0,-1.12,user,2026-01-02 13:15:23,2026-01-02 13:16:27,,,,,,,,,,0,-1.12,81.11
buy,0.01,0.02,XAUUSD,4376.707,4374.565,4374.565,4381.138,-0.22,-2.14,sl,2026-01-02 13:15:23,2026-01-02 13:18:13,,,,,,,,,,0,-2.3600000000000003,78.75
buy,0.02,0.02,XAUUSD,4383.82,4381.582,4381.582,4390.782,-0.22,-4.48,sl,2026-01-02 14:04:04,2026-01-02 14:05:31,,,,,,,,,,0,-4.7,74.05000000000001
buy,0.01,0.02,XAUUSD,4383.87,4385.417,4382.69,4406.493,0.0,1.55,user,2026-01-02 14:06:27,2026-01-02 14:08:14,,,,,,,,,,0,1.55,75.60000000000001
buy,0.01,0.01,XAUUSD,4385.731,4385.732,4384.561,4392.767,-0.11,0.0,user,2026-01-02 14:10:07,2026-01-02 14:11:03,,,,,,,,,,0,-0.11,75.49000000000001
buy,0.01,0.02,XAUUSD,4383.87,4383.326,4382.69,4406.493,-0.22,-0.54,user,2026-01-02 14:06:27,2026-01-02 14:18:29,,,,,,,,,,0,-0.76,74.73
buy,0.01,0.02,XAUUSD,4382.361,4383.767,4383.669,4404.514,0.0,1.41,user,2026-01-02 14:21:27,2026-01-02 14:23:48,,,,,,,,,,0,1.41,76.14
buy,0.01,0.02,XAUUSD,4382.361,4385.666,4383.669,4404.514,-0.22,3.31,user,2026-01-02 14:21:27,2026-01-02 14:31:43,,,,,,,,,,0,3.09,79.23
buy,0.01,0.01,XAUUSD,4387.922,4391.219,4385.858,4404.214,-0.11,3.3,user,2026-01-02 14:34:23,2026-01-02 14:46:06,,,,,,,,,,0,3.19,82.42
sell,0.01,0.01,XAUUSD,4321.819,4317.306,4324.354,4314.035,-0.11,4.51,user,2026-01-02 22:28:27,2026-01-02 22:31:12,,,,,,,,,,0,4.3999999999999995,86.82000000000001
sell,0.01,0.01,XAUUSD,4320.399,4324.284,4324.284,,-0.11,-3.88,sl,2026-01-02 22:37:01,2026-01-02 22:37:34,,,,,,,,,,0,-3.9899999999999998,82.83000000000001
sell,0.01,0.01,XAUUSD,4324.066,4325.441,4325.441,4314.556,-0.11,-1.37,sl,2026-01-02 22:37:44,2026-01-02 22:41:23,,,,,,,,,,0,-1.4800000000000002,81.35000000000001
sell,0.01,0.01,XAUUSD,4323.743,4327.219,4328.26,4313.637,-0.11,-3.48,user,2026-01-02 22:45:45,2026-01-02 22:47:20,,,,,,,,,,0,-3.59,77.76
sell,0.01,0.01,XAUUSD,4324.302,4327.589,4327.589,4313.18,-0.11,-3.29,sl,2026-01-02 22:49:07,2026-01-02 23:00:24,,,,,,,,,,0,-3.4,74.36000000000001
buy,0.01,0.01,XAUUSD,4358.038,4369.083,4359.055,4371.678,-0.11,11.04,user,2026-01-05 05:09:29,2026-01-05 5:13:45,,,,,,,,,,0,10.93,85.29
buy,0.01,0.01,XAUUSD,4367.543,4365.304,4361.321,4374.413,-0.11,-2.24,user,2026-01-05 05:20:29,2026-01-05 5:21:44,,,,,,,,,,0,-2.35,82.94
sell,0.01,0.01,XAUUSD,4364.917,4368.268,4366.992,4358.377,-0.11,-3.35,sl,2026-01-05 05:22:44,2026-01-05 5:22:49,,,,,,,,,,0,-3.46,79.48
buy,0.01,0.02,XAUUSD,4368.538,4366.413,4365.787,4374.397,0.0,-2.13,user,2026-01-05 05:23:03,2026-01-05 5:23:44,,,,,,,,,,0,-2.13,77.35000000000001
buy,0.01,0.02,XAUUSD,4368.538,4365.787,4365.787,4374.397,-0.22,-2.75,sl,2026-01-05 05:23:03,2026-01-05 5:24:47,,,,,,,,,,0,-2.97,74.38000000000001
sell,0.02,0.02,XAUUSD,4365.586,4367.041,4367.041,4360.666,-0.22,-2.91,sl,2026-01-05 05:25:02,2026-01-05 5:27:24,,,,,,,,,,0,-3.1300000000000003,71.25
buy,0.02,0.02,XAUUSD,4365.067,4362.193,4362.193,4367.538,-0.22,-5.74,sl,2026-01-05 05:30:45,2026-01-05 5:31:17,,,,,,,,,,0,-5.96,65.29
buy,0.02,0.02,XAUUSD,4355.723,4357.733,4352.388,4357.733,-0.22,4.02,tp,2026-01-05 05:34:18,2026-01-05 5:34:39,,,,,,,,,,0,3.7999999999999994,69.09
buy,0.02,0.02,XAUUSD,4356.798,4357.072,4354.085,4360.339,-0.22,0.54,user,2026-01-05 05:35:40,2026-01-05 5:36:03,,,,,,,,,,0,0.32000000000000006,69.41
buy,0.01,0.01,XAUUSD,4359.006,4362.824,4361.897,4365.67,-0.11,3.81,user,2026-01-05 05:37:46,2026-01-05 5:42:04,,,,,,,,,,0,3.7,73.11
buy,0.01,0.01,XAUUSD,4362.451,4365.385,4363.07,4369.545,-0.11,2.94,user,2026-01-05 05:44:34,2026-01-05 5:48:14,,,,,,,,,,0,2.83,75.94
buy,0.02,0.02,XAUUSD,4369.207,4368.668,4365.769,4372.665,-0.22,-1.07,user,2026-01-05 05:49:24,2026-01-05 5:49:27,,,,,,,,,,0,-1.29,74.65
sell,0.01,0.01,XAUUSD,4373.659,4375.693,4374.92,4366.303,-0.11,-2.03,sl,2026-01-05 05:52:03,2026-01-05 5:52:53,,,,,,,,,,0,-2.1399999999999997,72.51
buy,0.02,0.02,XAUUSD,4374.53,4372.546,4372.546,4382.558,-0.22,-3.97,sl,2026-01-05 05:53:30,2026-01-05 5:54:16,,,,,,,,,,0,-4.19,68.32000000000001
buy,0.01,0.02,XAUUSD,4373.655,4375.541,4371.636,4388.562,0.0,1.88,user,2026-01-05 05:54:42,2026-01-05 5:57:54,,,,,,,,,,0,1.88,70.20000000000002
buy,0.01,0.02,XAUUSD,4373.655,4373.929,4371.636,4388.562,-0.22,0.27,user,2026-01-05 05:54:42,2026-01-05 5:58:59,,,,,,,,,,0,0.05000000000000002,70.25
buy,0.01,0.01,XAUUSD,4373.707,4374.68,4371.522,4379.953,-0.11,0.97,user,2026-01-05 06:00:23,2026-01-05 6:01:16,,,,,,,,,,0,0.86,71.11000000000001
buy,0.01,0.01,XAUUSD,4374.399,4373.604,4372.119,4405.079,-0.11,-0.8,user,2026-01-05 06:01:26,2026-01-05 6:02:17,,,,,,,,,,0,-0.91,70.20000000000002
buy,0.02,0.02,XAUUSD,4372.185,4371.618,4371.01,4378.868,-0.22,-1.13,user,2026-01-05 06:04:44,2026-01-05 6:04:56,,,,,,,,,,0,-1.3499999999999999,68.85000000000001
sell,0.02,0.02,XAUUSD,4370.46,4371.784,4371.784,4368.327,-0.22,-2.65,sl,2026-01-05 06:05:06,2026-01-05 6:05:26,,,,,,,,,,0,-2.87,65.98000000000002
buy,0.02,0.02,XAUUSD,4373.55,4371.636,4371.636,4380.665,-0.22,-3.83,sl,2026-01-05 06:06:47,2026-01-05 6:07:51,,,,,,,,,,0,-4.05,61.930000000000014
sell,0.03,0.03,XAUUSD,4372.343,4374.603,4374.332,4365.728,-0.33,-6.78,sl,2026-01-05 06:09:02,2026-01-05 6:09:53,,,,,,,,,,0,-7.11,54.820000000000014
buy,0.01,0.03,XAUUSD,4375.502,4379.71,4371.984,4404.522,0.0,4.21,user,2026-01-05 06:09:58,2026-01-05 6:14:24,,,,,,,,,,0,4.21,59.030000000000015
buy,0.01,0.01,XAUUSD,4378.696,4384.609,4372.156,4389.447,-0.11,5.91,user,2026-01-05 06:15:22,2026-01-05 6:22:57,,,,,,,,,,0,5.8,64.83000000000001
buy,0.01,0.03,XAUUSD,4375.502,4384.476,4371.984,4404.522,0.0,8.98,user,2026-01-05 06:09:58,2026-01-05 6:23:07,,,,,,,,,,0,8.98,73.81000000000002
buy,0.01,0.03,XAUUSD,4375.502,4384.265,4371.984,4404.522,-0.33,8.77,user,2026-01-05 06:09:58,2026-01-05 6:24:20,,,,,,,,,,0,8.44,82.25000000000001
buy,0.01,0.01,XAUUSD,4388.757,4390.989,4386.403,4393.818,-0.11,2.23,user,2026-01-05 06:34:36,2026-01-05 6:36:35,,,,,,,,,,0,2.12,84.37000000000002
buy,0.01,0.01,XAUUSD,4388.363,4386.566,4386.77,4392.537,-0.11,-1.79,sl,2026-01-05 06:40:47,2026-01-05 6:40:58,,,,,,,,,,0,-1.9000000000000001,82.47000000000001
buy,0.01,0.02,XAUUSD,4388.489,4389.082,4386.904,4406.005,0.0,0.59,user,2026-01-05 06:41:37,2026-01-05 6:42:02,,,,,,,,,,0,0.59,83.06000000000002
buy,0.01,0.02,XAUUSD,4388.489,4388.172,4386.904,4406.005,-0.22,-0.32,user,2026-01-05 06:41:37,2026-01-05 6:43:56,,,,,,,,,,0,-0.54,82.52000000000001
buy,0.01,0.01,XAUUSD,4387.145,4386.349,4385.295,4393.818,-0.11,-0.8,user,2026-01-05 06:46:54,2026-01-05 6:47:34,,,,,,,,,,0,-0.91,81.61000000000001
buy,0.01,0.01,XAUUSD,4387.704,4391.602,4385.039,4391.602,-0.11,3.9,tp,2026-01-05 06:48:47,2026-01-05 6:49:43,,,,,,,,,,0,3.79,85.40000000000002
buy,0.01,0.01,XAUUSD,4390.957,4392.21,4389.46,4398.858,-0.11,1.25,user,2026-01-05 06:52:32,2026-01-05 6:56:40,,,,,,,,,,0,1.14,86.54000000000002
buy,0.01,0.01,XAUUSD,4399.481,4396.928,4396.928,4404.476,-0.11,-2.55,sl,2026-01-05 07:01:00,2026-01-05 7:01:53,,,,,,,,,,0,-2.6599999999999997,83.88000000000002
buy,0.01,0.01,XAUUSD,4408.23,4411.15,4396.928,4411.15,-0.11,2.92,tp,2026-01-05 07:03:31,2026-01-05 7:04:03,,,,,,,,,,0,2.81,86.69000000000001
buy,0.01,0.01,XAUUSD,4407.615,4411.346,4394.967,4411.346,-0.11,3.73,tp,2026-01-05 07:06:37,2026-01-05 7:07:35,,,,,,,,,,0,3.62,90.31000000000002
buy,0.01,0.01,XAUUSD,4409.703,4404.198,4401.778,4416.008,-0.11,-5.5,user,2026-01-05 07:10:09,2026-01-05 7:10:40,,,,,,,,,,0,-5.61,84.70000000000002
buy,0.01,0.02,XAUUSD,4404.102,4406.567,4396.941,4409.496,0.0,2.47,user,2026-01-05 07:11:23,2026-01-05 7:12:08,,,,,,,,,,0,2.47,87.17000000000002
buy,0.02,0.02,XAUUSD,4398.355,4400.445,4394.557,4402.488,-0.22,4.18,user,2026-01-05 07:13:12,2026-01-05 7:13:36,,,,,,,,,,0,3.9599999999999995,91.13000000000001
buy,0.01,0.02,XAUUSD,4404.102,4401.545,4396.941,4409.496,-0.22,-2.55,user,2026-01-05 07:11:23,2026-01-05 7:15:27,,,,,,,,,,0,-2.77,88.36000000000001
buy,0.02,0.02,XAUUSD,4401.98,4403.259,4396.847,4406.742,-0.22,2.56,user,2026-01-05 07:15:56,2026-01-05 7:16:17,,,,,,,,,,0,2.34,90.70000000000002
buy,0.02,0.02,XAUUSD,4402.907,4398.507,4396.659,4409.161,-0.22,-8.8,user,2026-01-05 07:16:29,2026-01-05 7:18:02,,,,,,,,,,0,-9.020000000000001,81.68
buy,0.02,0.02,XAUUSD,4400.281,4402.569,4396.753,4403.933,-0.22,4.58,user,2026-01-05 07:18:14,2026-01-05 7:18:53,,,,,,,,,,0,4.36,86.04000000000002
buy,0.02,0.02,XAUUSD,4403.942,4397.387,4397.975,4410.101,-0.22,-13.11,sl,2026-01-05 07:25:55,2026-01-05 7:27:07,,,,,,,,,,0,-13.33,72.71000000000001
buy,0.02,0.02,XAUUSD,4400.175,4395.482,4395.813,4414.519,-0.22,-9.39,sl,2026-01-05 07:26:54,2026-01-05 7:29:04,,,,,,,,,,0,-9.610000000000001,63.100000000000016
buy,0.05,0.05,XAUUSD,4398.793,4395.957,,,-0.55,-14.18,user,2026-01-05 07:30:15,2026-01-05 7:30:43,,,,,,,,,,0,-14.73,48.37000000000002
buy,0.03,0.05,XAUUSD,4394.308,4400.3,4387.452,4408.532,0.0,17.98,user,2026-01-05 07:32:02,2026-01-05 7:33:58,,,,,,,,,,0,17.98,66.35000000000002
buy,0.02,0.05,XAUUSD,4394.308,4398.158,4387.452,4408.532,-0.55,7.7,user,2026-01-05 07:32:02,2026-01-05 7:34:17,,,,,,,,,,0,7.15,73.50000000000003
buy,0.05,0.05,XAUUSD,4396.389,4397.769,4392.192,,-0.55,6.9,user,2026-01-05 07:35:19,2026-01-05 7:35:33,,,,,,,,,,0,6.3500000000000005,79.85000000000002
buy,0.01,0.01,XAUUSD,4398.798,4401.811,4393.295,4409.891,-0.11,3.01,user,2026-01-05 07:37:22,2026-01-05 7:38:53,,,,,,,,,,0,2.9,82.75000000000003
buy,0.05,0.05,XAUUSD,4404.731,4401.609,,,-0.55,-15.61,user,2026-01-05 07:40:02,2026-01-05 7:41:59,,,,,,,,,,0,-16.16,66.59000000000002
buy,0.05,0.05,XAUUSD,4399.235,4401.904,4389.273,,-0.55,13.34,user,2026-01-05 07:43:16,2026-01-05 7:44:29,,,,,,,,,,0,12.79,79.38000000000002
buy,0.03,0.05,XAUUSD,4401.575,4406.612,4401.89,,0.0,15.11,user,2026-01-05 07:42:08,2026-01-05 7:46:02,,,,,,,,,,0,15.11,94.49000000000001
buy,0.02,0.05,XAUUSD,4401.575,4401.89,4401.89,,-0.55,0.63,sl,2026-01-05 07:42:08,2026-01-05 7:47:09,,,,,,,,,,0,0.07999999999999996,94.57000000000002
buy,0.05,0.05,XAUUSD,4401.993,4403.284,4397.839,,-0.55,6.45,user,2026-01-05 07:47:37,2026-01-05 7:48:04,,,,,,,,,,0,5.9,100.47000000000001
buy,0.01,0.01,XAUUSD,4400.813,4401.438,4397.839,,-0.11,0.63,user,2026-01-05 07:49:37,2026-01-05 7:49:51,,,,,,,,,,0,0.52,100.99000000000002
buy,0.01,0.01,XAUUSD,4394.061,4395.364,4393.064,4398.432,-0.11,1.3,user,2026-01-05 07:51:04,2026-01-05 7:51:39,,,,,,,,,,0,1.19,102.18000000000002
buy,0.01,0.01,XAUUSD,4393.159,4395.348,4391.517,,-0.11,2.19,user,2026-01-05 07:52:39,2026-01-05 7:53:09,,,,,,,,,,0,2.08,104.26000000000002
buy,0.01,0.01,XAUUSD,4399.213,4398.208,4395.469,4411.274,-0.11,-1.0,user,2026-01-05 07:54:31,2026-01-05 7:55:13,,,,,,,,,,0,-1.11,103.15000000000002
buy,0.01,0.01,XAUUSD,4399.419,4397.589,4393.098,4411.373,-0.11,-1.83,user,2026-01-05 07:55:33,2026-01-05 7:56:08,,,,,,,,,,0,-1.9400000000000002,101.21000000000002
buy,0.01,0.02,XAUUSD,4399.838,4401.31,4398.531,4423.885,0.0,1.47,user,2026-01-05 07:57:02,2026-01-05 7:58:46,,,,,,,,,,0,1.47,102.68000000000002
buy,0.01,0.02,XAUUSD,4399.838,4398.531,4398.531,4423.885,-0.22,-1.31,sl,2026-01-05 07:57:02,2026-01-05 8:01:59,,,,,,,,,,0,-1.53,101.15000000000002
buy,0.01,0.02,XAUUSD,4397.338,4397.106,4391.221,,0.0,-0.23,user,2026-01-05 08:02:52,2026-01-05 8:03:08,,,,,,,,,,0,-0.23,100.92000000000002
buy,0.01,0.02,XAUUSD,4397.338,4398.459,4391.221,,-0.22,1.12,user,2026-01-05 08:02:52,2026-01-05 8:04:55,,,,,,,,,,0,0.9000000000000001,101.82000000000002
buy,0.01,0.01,XAUUSD,4399.263,4396.719,4395.765,,-0.11,-2.54,user,2026-01-05 08:05:12,2026-01-05 8:05:54,,,,,,,,,,0,-2.65,99.17000000000002
buy,0.01,0.01,XAUUSD,4393.37,4393.956,4392.505,,-0.11,0.59,user,2026-01-05 08:07:04,2026-01-05 8:07:30,,,,,,,,,,0,0.48,99.65000000000002
buy,0.01,0.01,XAUUSD,4390.315,4392.512,4388.638,,-0.11,2.19,user,2026-01-05 08:10:12,2026-01-05 8:10:26,,,,,,,,,,0,2.08,101.73000000000002
buy,0.01,0.01,XAUUSD,4393.879,4394.528,4392.03,,-0.11,0.65,user,2026-01-05 08:14:10,2026-01-05 8:14:21,,,,,,,,,,0,0.54,102.27000000000001
buy,0.01,0.01,XAUUSD,4393.557,4394.435,4392.605,,-0.11,0.88,user,2026-01-05 08:15:06,2026-01-05 8:15:13,,,,,,,,,,0,0.77,103.04000000000002
buy,0.01,0.01,XAUUSD,4396.147,4394.968,4394.968,,-0.11,-1.18,sl,2026-01-05 08:19:01,2026-01-05 8:19:39,,,,,,,,,,0,-1.29,101.75000000000001
buy,0.01,0.01,XAUUSD,4395.854,4395.196,4395.196,,-0.11,-0.65,sl,2026-01-05 08:20:40,2026-01-05 8:20:52,,,,,,,,,,0,-0.76,100.99000000000001
buy,0.01,0.01,XAUUSD,4395.628,4394.548,4394.548,,-0.11,-1.08,sl,2026-01-05 08:21:01,2026-01-05 8:21:31,,,,,,,,,,0,-1.1900000000000002,99.80000000000001
buy,0.01,0.01,XAUUSD,4395.49,4395.85,4394.247,,-0.11,0.36,user,2026-01-05 08:22:54,2026-01-05 8:23:08,,,,,,,,,,0,0.25,100.05000000000001
buy,0.01,0.01,XAUUSD,4395.207,4396.282,4394.544,4396.282,-0.11,1.07,tp,2026-01-05 08:24:02,2026-01-05 8:24:36,,,,,,,,,,0,0.9600000000000001,101.01000000000002
buy,0.01,0.01,XAUUSD,4403.714,4404.843,4400.766,4409.546,-0.11,1.13,user,2026-01-05 08:30:07,2026-01-05 8:31:13,,,,,,,,,,0,1.0199999999999998,102.03000000000002
buy,0.01,0.01,XAUUSD,4405.971,4404.84,4400.621,4419.478,-0.11,-1.13,user,2026-01-05 08:32:03,2026-01-05 8:33:06,,,,,,,,,,0,-1.24,100.79000000000002
buy,0.01,0.01,XAUUSD,4402.446,4402.781,4400.481,,-0.11,0.33,user,2026-01-05 08:34:33,2026-01-05 8:34:58,,,,,,,,,,0,0.22000000000000003,101.01000000000002
buy,0.01,0.01,XAUUSD,4403.92,4404.034,4400.041,,-0.11,0.11,user,2026-01-05 08:35:24,2026-01-05 8:35:27,,,,,,,,,,0,0.0,101.01000000000002
buy,0.01,0.01,XAUUSD,4403.148,4403.806,4401.714,,-0.11,0.66,user,2026-01-05 08:35:41,2026-01-05 8:35:46,,,,,,,,,,0,0.55,101.56000000000002
buy,0.01,0.01,XAUUSD,4403.818,4404.116,4401.714,,-0.11,0.3,user,2026-01-05 08:36:35,2026-01-05 8:36:43,,,,,,,,,,0,0.19,101.75000000000001
buy,0.01,0.01,XAUUSD,4403.94,4403.979,4401.925,,-0.11,0.04,user,2026-01-05 08:36:56,2026-01-05 8:37:02,,,,,,,,,,0,-0.07,101.68000000000002
buy,0.01,0.01,XAUUSD,4404.678,4404.124,4403.333,,-0.11,-0.56,user,2026-01-05 08:37:14,2026-01-05 8:37:36,,,,,,,,,,0,-0.67,101.01000000000002
buy,0.01,0.01,XAUUSD,4403.718,4403.505,4400.851,,-0.11,-0.21,user,2026-01-05 08:37:46,2026-01-05 8:38:02,,,,,,,,,,0,-0.32,100.69000000000001
buy,0.01,0.01,XAUUSD,4404.068,4403.24,,,-0.11,-0.83,user,2026-01-05 08:39:09,2026-01-05 8:39:20,,,,,,,,,,0,-0.94,99.75000000000001
buy,0.01,0.01,XAUUSD,4402.547,4404.467,4400.943,,-0.11,1.92,user,2026-01-05 08:39:50,2026-01-05 8:41:02,,,,,,,,,,0,1.8099999999999998,101.56000000000002
buy,0.01,0.01,XAUUSD,4403.99,4402.611,,,-0.11,-1.38,user,2026-01-05 08:41:56,2026-01-05 8:42:26,,,,,,,,,,0,-1.49,100.07000000000002
buy,0.01,0.01,XAUUSD,4403.781,4404.944,,,-0.11,1.16,user,2026-01-05 08:42:45,2026-01-05 8:43:04,,,,,,,,,,0,1.0499999999999998,101.12000000000002
buy,0.01,0.01,XAUUSD,4401.126,4401.863,4400.481,,-0.11,0.73,user,2026-01-05 08:44:08,2026-01-05 8:44:14,,,,,,,,,,0,0.62,101.74000000000001
buy,0.01,0.01,XAUUSD,4400.319,4400.593,4399.704,,-0.11,0.27,user,2026-01-05 08:45:45,2026-01-05 8:45:52,,,,,,,,,,0,0.16000000000000003,101.90000000000002
buy,0.01,0.01,XAUUSD,4403.722,4404.149,,,-0.11,0.43,user,2026-01-05 08:50:18,2026-01-05 8:50:25,,,,,,,,,,0,0.32,102.22000000000001
buy,0.01,0.01,XAUUSD,4403.165,4403.95,4402.54,,-0.11,0.78,user,2026-01-05 08:50:46,2026-01-05 8:51:04,,,,,,,,,,0,0.67,102.89000000000001
buy,0.01,0.01,XAUUSD,4407.013,4407.872,4405.764,,-0.11,0.86,user,2026-01-05 08:52:36,2026-01-05 8:52:52,,,,,,,,,,0,0.75,103.64000000000001
buy,0.01,0.01,XAUUSD,4406.843,4405.82,4405.82,,-0.11,-1.02,sl,2026-01-05 08:57:11,2026-01-05 8:58:24,,,,,,,,,,0,-1.1300000000000001,102.51000000000002
buy,0.01,0.01,XAUUSD,4407.796,4406.328,4405.598,4422.288,-0.11,-1.47,user,2026-01-05 08:53:21,2026-01-05 8:58:33,,,,,,,,,,0,-1.58,100.93000000000002
buy,0.01,0.01,XAUUSD,4405.7,4409.209,4402.764,4409.209,-0.11,3.51,tp,2026-01-05 09:00:05,2026-01-05 9:02:16,,,,,,,,,,0,3.4,104.33000000000001
buy,0.01,0.01,XAUUSD,4411.153,4411.596,4410.154,,-0.11,0.45,user,2026-01-05 09:04:36,2026-01-05 9:04:55,,,,,,,,,,0,0.34,104.67000000000002
buy,0.01,0.01,XAUUSD,4410.917,4410.179,4410.179,,-0.11,-0.74,sl,2026-01-05 09:08:57,2026-01-05 9:09:02,,,,,,,,,,0,-0.85,103.82000000000002
buy,0.01,0.01,XAUUSD,4409.401,4406.582,4406.582,4416.9,-0.11,-2.82,sl,2026-01-05 09:23:24,2026-01-05 9:27:33,,,,,,,,,,0,-2.9299999999999997,100.89000000000001
buy,0.01,0.01,XAUUSD,4407.54,4406.174,4406.469,,-0.11,-1.37,sl,2026-01-05 09:27:16,2026-01-05 9:27:38,,,,,,,,,,0,-1.4800000000000002,99.41000000000001
buy,0.01,0.01,XAUUSD,4406.681,4407.417,4406.145,,-0.11,0.74,user,2026-01-05 09:29:05,2026-01-05 9:29:26,,,,,,,,,,0,0.63,100.04000000000002
buy,0.01,0.01,XAUUSD,4405.56,4403.981,4404.4,,-0.11,-1.58,sl,2026-01-05 09:31:32,2026-01-05 9:31:59,,,,,,,,,,0,-1.6900000000000002,98.35000000000001
buy,0.01,0.01,XAUUSD,4404.407,4405.682,4402.806,4405.839,-0.11,1.27,user,2026-01-05 09:33:04,2026-01-05 9:34:13,,,,,,,,,,0,1.16,99.51000000000002
buy,0.01,0.01,XAUUSD,4404.076,4405.787,4403.679,4405.787,-0.11,1.71,tp,2026-01-05 09:35:38,2026-01-05 9:36:42,,,,,,,,,,0,1.5999999999999999,101.11000000000001
buy,0.01,0.01,XAUUSD,4408.884,4407.882,4407.882,4422.307,-0.11,-1.0,sl,2026-01-05 09:41:06,2026-01-05 9:48:20,,,,,,,,,,0,-1.11,100.00000000000001
buy,0.01,0.01,XAUUSD,4405.02,4403.854,4403.854,,-0.11,-1.17,sl,2026-01-05 09:57:07,2026-01-05 9:57:18,,,,,,,,,,0,-1.28,98.72000000000001
buy,0.01,0.01,XAUUSD,4404.222,4403.661,4403.661,,-0.11,-0.56,sl,2026-01-05 09:58:17,2026-01-05 9:58:29,,,,,,,,,,0,-0.67,98.05000000000001
buy,0.01,0.01,XAUUSD,4402.64,4402.233,4402.233,,-0.11,-0.41,sl,2026-01-05 09:59:19,2026-01-05 9:59:29,,,,,,,,,,0,-0.52,97.53000000000002
sell,0.01,0.01,XAUUSD,4399.223,4400.766,4400.516,,-0.11,-1.55,sl,2026-01-05 10:00:55,2026-01-05 10:01:01,,,,,,,,,,0,-1.6600000000000001,95.87000000000002
sell,0.01,0.01,XAUUSD,4400.867,4402.366,4402.21,4396.404,-0.11,-1.5,sl,2026-01-05 10:02:08,2026-01-05 10:04:49,,,,,,,,,,0,-1.61,94.26000000000002
sell,0.01,0.02,XAUUSD,4403.263,4402.673,4404.712,,0.0,0.59,user,2026-01-05 10:07:31,2026-01-05 10:08:05,,,,,,,,,,0,0.59,94.85000000000001
sell,0.01,0.02,XAUUSD,4403.263,4403.113,4404.712,,-0.22,0.15,user,2026-01-05 10:07:31,2026-01-05 10:08:47,,,,,,,,,,0,-0.07,94.78000000000002
sell,0.01,0.02,XAUUSD,4402.416,4401.948,4403.581,4398.291,0.0,0.47,user,2026-01-05 10:09:08,2026-01-05 10:09:31,,,,,,,,,,0,0.47,95.25000000000001
sell,0.01,0.02,XAUUSD,4402.416,4400.926,4403.581,4398.291,-0.22,1.49,user,2026-01-05 10:09:08,2026-01-05 10:12:07,,,,,,,,,,0,1.27,96.52000000000001
sell,0.01,0.01,XAUUSD,4400.0,4399.294,4400.941,,-0.11,0.71,user,2026-01-05 10:13:22,2026-01-05 10:14:03,,,,,,,,,,0,0.6,97.12000000000002
sell,0.01,0.01,XAUUSD,4404.787,4405.141,4406.105,4403.168,-0.11,-0.35,user,2026-01-05 10:25:20,2026-01-05 10:28:14,,,,,,,,,,0,-0.45999999999999996,96.66000000000001
sell,0.01,0.01,XAUUSD,4404.71,4406.621,4406.621,4402.295,-0.11,-1.91,sl,2026-01-05 10:30:08,2026-01-05 10:36:40,,,,,,,,,,0,-2.02,94.64000000000001
buy,0.01,0.01,XAUUSD,4405.415,4405.763,4404.557,4406.502,-0.11,0.34,user,2026-01-05 10:37:21,2026-01-05 10:38:16,,,,,,,,,,0,0.23000000000000004,94.87000000000002
buy,0.01,0.01,XAUUSD,4405.23,4404.237,4404.438,,-0.11,-0.99,sl,2026-01-05 10:39:04,2026-01-05 10:39:32,,,,,,,,,,0,-1.1,93.77000000000001
buy,0.01,0.02,XAUUSD,4406.31,4406.637,4405.589,4407.415,0.0,0.33,user,2026-01-05 10:47:43,2026-01-05 10:48:29,,,,,,,,,,0,0.33,94.10000000000001
buy,0.01,0.02,XAUUSD,4406.31,4407.415,4405.589,4407.415,-0.22,1.11,tp,2026-01-05 10:47:43,2026-01-05 10:50:07,,,,,,,,,,0,0.8900000000000001,94.99000000000001
buy,0.01,0.01,XAUUSD,4403.756,4404.177,4402.873,,-0.11,0.42,user,2026-01-05 10:55:18,2026-01-05 10:55:33,,,,,,,,,,0,0.31,95.30000000000001
buy,0.01,0.01,XAUUSD,4403.843,4404.227,4403.168,,-0.11,0.39,user,2026-01-05 10:56:28,2026-01-05 10:56:37,,,,,,,,,,0,0.28,95.58000000000001
buy,0.01,0.02,XAUUSD,4404.361,4404.535,4403.415,4405.589,0.0,0.18,user,2026-01-05 10:52:50,2026-01-05 10:57:28,,,,,,,,,,0,0.18,95.76000000000002
buy,0.01,0.02,XAUUSD,4404.361,4405.589,4403.415,4405.589,-0.22,1.23,tp,2026-01-05 10:52:50,2026-01-05 10:58:56,,,,,,,,,,0,1.01,96.77000000000001
buy,0.01,0.01,XAUUSD,4404.515,4405.708,4403.525,4405.708,-0.11,1.19,tp,2026-01-05 10:59:29,2026-01-05 11:02:14,,,,,,,,,,0,1.0799999999999998,97.85000000000001
buy,0.01,0.01,XAUUSD,4421.79,4421.77,4420.621,4423.581,-0.11,-0.02,user,2026-01-05 13:57:19,2026-01-05 13:59:02,,,,,,,,,,0,-0.13,97.72000000000001
buy,0.01,0.01,XAUUSD,4428.498,4429.503,4425.91,4431.587,-0.11,1.0,user,2026-01-05 14:25:03,2026-01-05 14:28:18,,,,,,,,,,0,0.89,98.61000000000001
buy,0.01,0.01,XAUUSD,4427.403,4429.958,4426.357,4429.958,-0.11,2.56,tp,2026-01-05 14:40:57,2026-01-05 14:43:41,,,,,,,,,,0,2.45,101.06000000000002
buy,0.01,0.01,XAUUSD,4431.56,4431.819,4430.325,4432.898,-0.11,0.26,user,2026-01-05 14:56:07,2026-01-05 14:58:01,,,,,,,,,,0,0.15000000000000002,101.21000000000001
buy,0.01,0.01,XAUUSD,4429.922,4430.276,4429.478,4433.519,-0.11,0.36,user,2026-01-05 15:03:13,2026-01-05 15:03:21,,,,,,,,,,0,0.25,101.46000000000001
buy,0.01,0.01,XAUUSD,4427.367,4426.943,4426.399,4430.842,-0.11,-0.43,user,2026-01-05 15:09:55,2026-01-05 15:10:32,,,,,,,,,,0,-0.54,100.92000000000002
buy,0.01,0.01,XAUUSD,4426.916,4426.092,4426.427,4428.34,-0.11,-0.83,sl,2026-01-05 15:11:29,2026-01-05 15:12:17,,,,,,,,,,0,-0.94,99.98000000000002
buy,0.01,0.01,XAUUSD,4427.182,4429.512,4426.071,4430.69,-0.11,2.33,user,2026-01-05 15:12:49,2026-01-05 15:13:10,,,,,,,,,,0,2.22,102.20000000000002
buy,0.01,0.01,XAUUSD,4429.462,4429.825,4428.577,4433.124,-0.11,0.37,user,2026-01-05 15:14:01,2026-01-05 15:14:07,,,,,,,,,,0,0.26,102.46000000000001
buy,0.01,0.01,XAUUSD,4430.049,4433.349,4431.057,4435.555,-0.11,3.3,user,2026-01-05 15:15:13,2026-01-05 15:22:55,,,,,,,,,,0,3.19,105.65000000000002
buy,0.01,0.01,XAUUSD,4432.711,4432.377,4432.377,4435.886,-0.11,-0.33,sl,2026-01-05 15:26:06,2026-01-05 15:30:07,,,,,,,,,,0,-0.44,105.21000000000001
sell,0.01,0.01,XAUUSD,4433.52,4434.7,4434.7,4429.237,-0.11,-1.18,sl,2026-01-05 15:40:57,2026-01-05 15:42:57,,,,,,,,,,0,-1.29,103.92000000000002
buy,0.01,0.01,XAUUSD,4435.385,4434.77,4434.77,4436.546,-0.11,-0.62,sl,2026-01-05 15:47:09,2026-01-05 15:47:38,,,,,,,,,,0,-0.73,103.19000000000001
buy,0.01,0.01,BTCUSD,92534.52,92792.68,92191.4,93139.66,-0.16,2.58,user,2026-01-05 15:36:43,2026-01-05 15:48:22,,,,,,,,,,0,2.42,105.61000000000001
buy,0.01,0.01,XAUUSD,4435.833,4435.025,4435.294,4440.15,-0.11,-0.8,sl,2026-01-05 15:54:16,2026-01-05 15:54:29,,,,,,,,,,0,-0.91,104.70000000000002
buy,0.01,0.01,XAUUSD,4434.2,4433.644,4433.644,4438.494,-0.11,-0.56,sl,2026-01-05 16:02:29,2026-01-05 16:02:34,,,,,,,,,,0,-0.67,104.03000000000002
buy,0.01,0.01,XAUUSD,4432.5,4432.752,4431.069,4434.283,-0.11,0.25,user,2026-01-05 16:08:00,2026-01-05 16:09:23,,,,,,,,,,0,0.14,104.17000000000002
buy,0.01,0.01,XAUUSD,4432.296,4433.458,4431.394,4433.886,-0.11,1.16,user,2026-01-05 16:11:34,2026-01-05 16:13:45,,,,,,,,,,0,1.0499999999999998,105.22000000000001
buy,0.01,0.01,XAUUSD,4431.773,4432.168,4430.889,4433.741,-0.11,0.4,user,2026-01-05 16:19:05,2026-01-05 16:19:39,,,,,,,,,,0,0.29000000000000004,105.51000000000002
buy,0.01,0.01,XAUUSD,4432.672,4436.006,4431.467,4439.193,-0.11,3.34,user,2026-01-05 16:16:06,2026-01-05 16:32:16,,,,,,,,,,0,3.23,108.74000000000001
buy,0.01,0.01,XAUUSD,4437.83,4438.024,4435.966,4442.949,-0.11,0.19,user,2026-01-05 16:55:17,2026-01-05 16:56:30,,,,,,,,,,0,0.08,108.82000000000001
buy,0.01,0.01,XAUUSD,4436.901,4435.888,4435.888,4442.128,-0.11,-1.01,sl,2026-01-05 16:57:38,2026-01-05 16:58:03,,,,,,,,,,0,-1.12,107.70000000000002
buy,0.01,0.01,XAUUSD,4435.891,4434.56,4434.56,4439.521,-0.11,-1.33,sl,2026-01-05 16:58:31,2026-01-05 17:01:40,,,,,,,,,,0,-1.4400000000000002,106.26000000000002
buy,0.01,0.01,XAUUSD,4433.367,4432.564,4433.115,4438.945,-0.11,-0.81,sl,2026-01-05 17:02:48,2026-01-05 17:02:51,,,,,,,,,,0,-0.92,105.34000000000002
buy,0.01,0.01,XAUUSD,4433.532,4432.59,4432.59,4438.981,-0.11,-0.94,sl,2026-01-05 17:03:41,2026-01-05 17:04:18,,,,,,,,,,0,-1.05,104.29
buy,0.01,0.01,XAUUSD,4433.062,4432.542,4432.542,4438.655,-0.11,-0.52,sl,2026-01-05 17:15:17,2026-01-05 17:15:27,,,,,,,,,,0,-0.63,103.66000000000001
buy,0.01,0.01,XAUUSD,4428.752,4429.028,4426.376,4433.566,-0.11,0.28,user,2026-01-05 17:18:28,2026-01-05 17:18:32,,,,,,,,,,0,0.17000000000000004,103.83000000000001
buy,0.01,0.01,XAUUSD,4429.567,4427.821,4427.821,4435.007,-0.11,-1.75,sl,2026-01-05 17:17:45,2026-01-05 17:18:41,,,,,,,,,,0,-1.86,101.97000000000001
buy,0.01,0.01,XAUUSD,4426.818,4428.072,4426.466,4432.425,-0.11,1.25,user,2026-01-05 17:24:41,2026-01-05 17:25:02,,,,,,,,,,0,1.14,103.11000000000001
buy,0.01,0.01,XAUUSD,4428.517,4426.348,4426.348,4438.928,-0.11,-2.17,sl,2026-01-05 17:18:44,2026-01-05 17:25:43,,,,,,,,,,0,-2.28,100.83000000000001
buy,0.01,0.01,XAUUSD,4426.729,4426.466,4426.466,4432.28,-0.11,-0.26,sl,2026-01-05 17:25:34,2026-01-05 17:25:44,,,,,,,,,,0,-0.37,100.46000000000001
sell,0.01,0.01,XAUUSD,4416.035,4417.461,4417.461,4412.311,-0.11,-1.42,sl,2026-01-05 17:31:16,2026-01-05 17:32:01,,,,,,,,,,0,-1.53,98.93
sell,0.01,0.01,XAUUSD,4415.851,4418.029,4418.029,4412.885,-0.11,-2.18,sl,2026-01-05 17:30:56,2026-01-05 17:32:05,,,,,,,,,,0,-2.29,96.64000000000001
sell,0.01,0.01,XAUUSD,4420.059,4422.003,4422.003,4413.976,-0.11,-1.94,sl,2026-01-05 17:35:01,2026-01-05 17:37:06,,,,,,,,,,0,-2.05,94.59000000000002
sell,0.02,0.02,XAUUSD,4421.834,4422.843,4422.843,4418.236,-0.22,-2.02,sl,2026-01-05 17:38:22,2026-01-05 17:39:29,,,,,,,,,,0,-2.24,92.35000000000001
sell,0.02,0.02,XAUUSD,4422.197,4423.013,4423.013,4414.073,-0.22,-1.64,sl,2026-01-05 17:40:27,2026-01-05 17:40:35,,,,,,,,,,0,-1.8599999999999999,90.49000000000001
sell,0.02,0.02,XAUUSD,4422.607,4424.167,4424.167,4414.444,-0.22,-3.12,sl,2026-01-05 17:39:23,2026-01-05 17:43:22,,,,,,,,,,0,-3.3400000000000003,87.15
sell,0.01,0.03,XAUUSD,4423.851,4423.737,4428.206,4414.833,0.0,0.11,user,2026-01-05 17:43:59,2026-01-05 17:45:47,,,,,,,,,,0,0.11,87.26000000000002
sell,0.01,0.03,XAUUSD,4423.851,4423.068,4428.206,4414.833,0.0,0.78,user,2026-01-05 17:43:59,2026-01-05 17:47:27,,,,,,,,,,0,0.78,88.04
sell,0.01,0.03,XAUUSD,4423.851,4420.482,4428.206,4414.833,-0.33,3.37,user,2026-01-05 17:43:59,2026-01-05 17:59:05,,,,,,,,,,0,3.04,91.08000000000001
sell,0.01,0.01,XAUUSD,4419.353,4421.361,4426.172,4405.056,-0.11,-2.01,user,2026-01-05 17:59:55,2026-01-05 18:01:05,,,,,,,,,,0,-2.1199999999999997,88.96000000000001
sell,0.01,0.01,XAUUSD,4417.139,4408.29,4419.773,4405.811,-0.11,8.85,user,2026-01-05 18:06:40,2026-01-05 18:43:22,,,,,,,,,,0,8.74,97.70000000000002
sell,0.01,0.01,XAUUSD,4410.86,4412.391,4412.391,4404.485,-0.11,-1.53,sl,2026-01-05 18:46:21,2026-01-05 19:01:24,,,,,,,,,,0,-1.6400000000000001,96.06000000000002
buy,0.01,0.01,XAUUSD,4415.316,4415.612,4412.78,4428.845,-0.11,0.29,user,2026-01-05 19:04:18,2026-01-05 19:05:11,,,,,,,,,,0,0.18,96.24000000000001
buy,0.01,0.01,XAUUSD,4417.331,4416.925,4416.925,4429.806,-0.11,-0.4,sl,2026-01-05 19:07:43,2026-01-05 19:07:49,,,,,,,,,,0,-0.51,95.73000000000002
buy,0.01,0.01,XAUUSD,4418.827,4413.996,4415.164,4431.234,-0.11,-4.83,sl,2026-01-05 19:06:58,2026-01-05 19:08:08,,,,,,,,,,0,-4.94,90.79000000000002
sell,0.01,0.01,XAUUSD,4411.568,4409.985,4412.901,4398.07,-0.11,1.58,user,2026-01-05 19:13:13,2026-01-05 19:13:41,,,,,,,,,,0,1.47,92.26000000000002
sell,0.01,0.01,XAUUSD,4411.516,4412.552,4412.552,4396.523,-0.11,-1.03,sl,2026-01-05 19:18:53,2026-01-05 19:19:21,,,,,,,,,,0,-1.1400000000000001,91.12000000000002
sell,0.01,0.01,XAUUSD,4408.889,4413.113,4413.113,4400.585,-0.11,-4.22,sl,2026-01-05 19:09:57,2026-01-05 19:20:05,,,,,,,,,,0,-4.33,86.79000000000002
buy,0.01,0.01,XAUUSD,4408.722,4406.981,4406.981,4424.169,-0.11,-1.74,sl,2026-01-05 19:21:24,2026-01-05 19:22:03,,,,,,,,,,0,-1.85,84.94000000000001
buy,0.02,0.02,XAUUSD,4407.306,4404.556,4405.858,4422.507,-0.22,-5.5,sl,2026-01-05 19:22:49,2026-01-05 19:22:57,,,,,,,,,,0,-5.72,79.22000000000001
sell,0.01,0.01,XAUUSD,4407.292,4405.251,4409.2,4396.051,-0.11,2.04,user,2026-01-05 19:23:58,2026-01-05 19:25:42,,,,,,,,,,0,1.93,81.15
sell,0.01,0.01,XAUUSD,4405.688,4400.394,4409.356,4400.394,-0.11,5.3,tp,2026-01-05 19:27:00,2026-01-05 19:29:11,,,,,,,,,,0,5.1899999999999995,86.34
sell,0.01,0.01,XAUUSD,4400.595,4404.373,4405.219,4391.011,-0.11,-3.77,user,2026-01-05 19:29:49,2026-01-05 19:31:57,,,,,,,,,,0,-3.88,82.46000000000001
sell,0.02,0.02,XAUUSD,4404.374,4408.536,4408.536,4398.193,-0.22,-8.32,sl,2026-01-05 19:32:48,2026-01-05 19:34:49,,,,,,,,,,0,-8.540000000000001,73.92000000000002
buy,0.01,0.03,XAUUSD,4410.957,4410.102,4406.78,4432.361,0.0,-0.86,user,2026-01-05 19:36:34,2026-01-05 19:37:58,,,,,,,,,,0,-0.86,73.06
buy,0.01,0.01,XAUUSD,4412.189,4413.52,4407.297,4419.77,-0.11,1.33,user,2026-01-05 19:44:54,2026-01-05 19:45:16,,,,,,,,,,0,1.22,74.28
buy,0.01,0.03,XAUUSD,4410.957,4414.346,4406.78,4432.361,0.0,3.39,user,2026-01-05 19:36:34,2026-01-05 19:47:01,,,,,,,,,,0,3.39,77.67000000000002
buy,0.01,0.03,XAUUSD,4410.957,4414.414,4406.78,4432.361,-0.33,3.45,user,2026-01-05 19:36:34,2026-01-05 19:48:55,,,,,,,,,,0,3.12,80.79
buy,0.01,0.01,XAUUSD,4416.903,4427.708,4411.599,4429.036,-0.11,10.81,user,2026-01-05 19:59:09,2026-01-05 20:11:17,,,,,,,,,,0,10.700000000000001,91.49000000000001
buy,0.01,0.01,XAUUSD,4427.017,4425.169,4425.169,4429.337,-0.11,-1.85,sl,2026-01-05 20:15:01,2026-01-05 20:15:42,,,,,,,,,,0,-1.9600000000000002,89.53000000000002
buy,0.01,0.01,XAUUSD,4425.107,4423.57,4423.57,4427.879,-0.11,-1.54,sl,2026-01-05 20:18:15,2026-01-05 20:19:10,,,,,,,,,,0,-1.6500000000000001,87.88000000000001
buy,0.01,0.01,XAUUSD,4425.573,4429.566,4424.655,4429.566,-0.11,4.0,tp,2026-01-05 20:18:02,2026-01-05 20:21:04,,,,,,,,,,0,3.89,91.77000000000001
buy,0.01,0.01,XAUUSD,4423.123,4421.381,4421.381,4426.991,-0.11,-1.74,sl,2026-01-05 20:31:11,2026-01-05 20:31:30,,,,,,,,,,0,-1.85,89.92000000000002
buy,0.01,0.01,XAUUSD,4424.006,4423.116,4423.116,4434.239,-0.11,-0.89,sl,2026-01-05 20:33:04,2026-01-05 20:35:12,,,,,,,,,,0,-1.0,88.92000000000002
buy,0.01,0.01,XAUUSD,4419.901,4419.887,4420.316,4425.017,-0.11,-0.01,sl,2026-01-05 20:36:10,2026-01-05 20:37:37,,,,,,,,,,0,-0.12,88.80000000000001
buy,0.01,0.01,XAUUSD,4421.026,4422.129,4417.939,4424.647,-0.11,1.1,user,2026-01-05 20:38:36,2026-01-05 20:39:05,,,,,,,,,,0,0.9900000000000001,89.79
buy,0.01,0.01,XAUUSD,4424.003,4424.369,4421.901,4429.623,-0.11,0.37,user,2026-01-05 20:41:16,2026-01-05 20:41:22,,,,,,,,,,0,0.26,90.05000000000001
buy,0.01,0.01,XAUUSD,4430.079,4430.726,4427.705,4435.425,-0.11,0.65,user,2026-01-05 20:45:05,2026-01-05 20:45:10,,,,,,,,,,0,0.54,90.59
buy,0.01,0.01,XAUUSD,4428.736,4429.488,4426.091,4433.811,-0.11,0.75,user,2026-01-05 20:45:36,2026-01-05 20:45:39,,,,,,,,,,0,0.64,91.23000000000002
buy,0.01,0.01,XAUUSD,4431.624,4432.234,4425.275,4434.964,-0.11,0.61,user,2026-01-05 20:46:11,2026-01-05 20:46:17,,,,,,,,,,0,0.5,91.73000000000002
buy,0.01,0.01,XAUUSD,4437.372,4437.73,4435.637,4439.16,-0.11,0.36,user,2026-01-05 20:54:21,2026-01-05 20:54:28,,,,,,,,,,0,0.25,91.98000000000002
buy,0.01,0.01,XAUUSD,4440.486,4439.448,4439.448,4441.919,-0.11,-1.04,sl,2026-01-05 20:56:06,2026-01-05 20:56:22,,,,,,,,,,0,-1.1500000000000001,90.83000000000001
buy,0.01,0.01,XAUUSD,4439.995,4437.8,4437.485,4443.549,-0.11,-2.2,user,2026-01-05 20:57:18,2026-01-05 20:57:48,,,,,,,,,,0,-2.31,88.52000000000001
buy,0.01,0.01,XAUUSD,4437.721,4436.288,,4443.87,-0.11,-1.43,user,2026-01-05 20:57:50,2026-01-05 20:57:55,,,,,,,,,,0,-1.54,86.98000000000002
buy,0.01,0.01,XAUUSD,4437.183,4440.803,4435.868,4440.803,-0.11,3.62,tp,2026-01-05 20:59:27,2026-01-05 21:00:04,,,,,,,,,,0,3.5100000000000002,90.49000000000001
buy,0.01,0.01,XAUUSD,4444.019,4448.309,4436.85,4454.636,-0.11,4.29,user,2026-01-05 21:01:42,2026-01-05 21:03:08,,,,,,,,,,0,4.18,94.67000000000002
buy,0.01,0.01,XAUUSD,4452.615,4451.209,4451.46,4457.12,-0.11,-1.41,sl,2026-01-05 21:06:36,2026-01-05 21:06:43,,,,,,,,,,0,-1.52,93.15
buy,0.01,0.01,XAUUSD,4452.621,4453.472,4447.908,4458.508,-0.11,0.85,user,2026-01-05 21:09:09,2026-01-05 21:09:13,,,,,,,,,,0,0.74,93.89000000000001
buy,0.01,0.01,XAUUSD,4453.466,4453.71,4449.785,4460.385,-0.11,0.24,user,2026-01-05 21:08:58,2026-01-05 21:09:23,,,,,,,,,,0,0.13,94.02000000000001
buy,0.01,0.01,XAUUSD,4452.169,4451.229,4451.229,4459.63,-0.11,-0.94,sl,2026-01-05 21:10:24,2026-01-05 21:10:29,,,,,,,,,,0,-1.05,92.97000000000001
buy,0.01,0.01,XAUUSD,4452.069,4449.697,4450.569,4458.969,-0.11,-2.37,sl,2026-01-05 21:10:36,2026-01-05 21:10:48,,,,,,,,,,0,-2.48,90.49000000000001
sell,0.01,0.01,XAUUSD,4450.077,4449.658,4451.464,4443.064,-0.11,0.42,user,2026-01-05 21:11:06,2026-01-05 21:11:23,,,,,,,,,,0,0.31,90.80000000000001
buy,0.01,0.01,XAUUSD,4448.33,4448.934,4445.388,4452.935,-0.11,0.6,user,2026-01-05 21:14:23,2026-01-05 21:16:35,,,,,,,,,,0,0.49,91.29
buy,0.01,0.01,XAUUSD,4449.909,4448.968,4448.968,4457.831,-0.11,-0.94,sl,2026-01-05 21:18:17,2026-01-05 21:18:21,,,,,,,,,,0,-1.05,90.24000000000001
buy,0.01,0.01,XAUUSD,4448.791,4450.097,4447.613,4456.27,-0.11,1.31,user,2026-01-05 21:20:35,2026-01-05 21:20:49,,,,,,,,,,0,1.2,91.44000000000001
buy,0.01,0.01,XAUUSD,4450.246,4450.078,4445.388,4457.807,-0.11,-0.17,user,2026-01-05 21:20:08,2026-01-05 21:21:18,,,,,,,,,,0,-0.28,91.16000000000001
buy,0.01,0.01,XAUUSD,4449.497,4450.852,4445.291,4453.032,-0.11,1.35,user,2026-01-05 21:23:44,2026-01-05 21:24:29,,,,,,,,,,0,1.24,92.4
buy,0.01,0.01,XAUUSD,4449.587,4447.731,4444.102,4456.522,-0.11,-1.86,user,2026-01-05 21:24:41,2026-01-05 21:25:02,,,,,,,,,,0,-1.9700000000000002,90.43
buy,0.01,0.01,XAUUSD,4445.243,4447.702,4447.702,4453.301,-0.11,2.46,sl,2026-01-05 21:25:27,2026-01-05 21:27:41,,,,,,,,,,0,2.35,92.78000000000002
buy,0.01,0.01,XAUUSD,4445.872,4445.735,4445.735,4453.476,-0.11,-0.13,sl,2026-01-05 21:28:39,2026-01-05 21:28:40,,,,,,,,,,0,-0.24,92.54
buy,0.01,0.01,XAUUSD,4445.162,4443.486,4443.831,4446.85,-0.11,-1.67,sl,2026-01-05 21:29:19,2026-01-05 21:30:06,,,,,,,,,,0,-1.78,90.76
buy,0.01,0.01,XAUUSD,4443.775,4441.077,4441.077,4454.847,-0.11,-2.7,sl,2026-01-05 21:31:37,2026-01-05 21:34:07,,,,,,,,,,0,-2.81,87.95000000000002
buy,0.01,0.02,XAUUSD,4443.026,4444.579,4439.051,4454.475,0.0,1.55,user,2026-01-05 21:34:49,2026-01-05 21:35:24,,,,,,,,,,0,1.55,89.50000000000001
buy,0.01,0.02,XAUUSD,4443.026,4439.051,4439.051,4454.475,-0.22,-3.98,sl,2026-01-05 21:34:49,2026-01-05 21:36:44,,,,,,,,,,0,-4.2,85.30000000000001
buy,0.02,0.02,XAUUSD,4438.855,4436.031,4436.031,4454.545,-0.22,-5.65,sl,2026-01-05 21:38:03,2026-01-05 21:38:47,,,,,,,,,,0,-5.87,79.43
buy,0.02,0.02,XAUUSD,4438.913,4440.241,4436.101,4454.616,-0.22,2.65,user,2026-01-05 21:40:09,2026-01-05 21:41:29,,,,,,,,,,0,2.4299999999999997,81.86000000000001
buy,0.02,0.02,XAUUSD,4444.587,4446.697,4441.195,4450.715,-0.22,4.22,user,2026-01-05 21:44:19,2026-01-05 21:44:28,,,,,,,,,,0,3.9999999999999996,85.86000000000001
buy,0.01,0.01,XAUUSD,4442.941,4443.179,4443.179,4453.774,-0.11,0.24,sl,2026-01-05 21:43:08,2026-01-05 21:49:06,,,,,,,,,,0,0.13,85.99000000000001
buy,0.01,0.01,XAUUSD,4443.702,4444.284,4439.97,4449.49,-0.11,0.58,user,2026-01-05 21:49:34,2026-01-05 21:54:26,,,,,,,,,,0,0.47,86.46000000000001
buy,0.01,0.01,XAUUSD,4448.633,4451.463,4444.659,4456.403,-0.11,2.83,user,2026-01-05 21:59:45,2026-01-05 22:01:19,,,,,,,,,,0,2.72,89.18
buy,0.01,0.01,XAUUSD,4449.668,4444.953,4445.36,4455.498,-0.11,-4.72,sl,2026-01-05 22:01:47,2026-01-05 22:06:21,,,,,,,,,,0,-4.83,84.35000000000001
buy,0.01,0.01,XAUUSD,4446.002,4444.848,4445.358,4452.693,-0.11,-1.15,sl,2026-01-05 22:06:16,2026-01-05 22:06:21,,,,,,,,,,0,-1.26,83.09
buy,0.01,0.01,XAUUSD,4441.558,4439.725,4439.725,4444.565,-0.11,-1.83,sl,2026-01-05 22:08:35,2026-01-05 22:10:54,,,,,,,,,,0,-1.9400000000000002,81.15
buy,0.01,0.02,XAUUSD,4443.278,4441.96,4439.236,4446.652,0.0,-1.32,user,2026-01-05 22:11:17,2026-01-05 22:11:39,,,,,,,,,,0,-1.32,79.83000000000001
buy,0.01,0.02,XAUUSD,4443.278,4441.368,4439.236,4446.652,-0.22,-1.91,user,2026-01-05 22:11:17,2026-01-05 22:11:52,,,,,,,,,,0,-2.13,77.7
buy,0.01,0.03,XAUUSD,4446.185,4445.997,4442.153,4450.901,0.0,-0.19,user,2026-01-05 22:14:11,2026-01-05 22:14:25,,,,,,,,,,0,-0.19,77.51
buy,0.02,0.03,XAUUSD,4446.185,4446.627,4442.153,4450.901,-0.33,0.88,user,2026-01-05 22:14:11,2026-01-05 22:14:58,,,,,,,,,,0,0.55,78.06
buy,0.01,0.01,XAUUSD,4446.216,4444.134,4444.736,4449.568,-0.11,-2.09,sl,2026-01-05 22:17:54,2026-01-05 22:21:39,,,,,,,,,,0,-2.1999999999999997,75.86000000000001
sell,0.01,0.02,XAUUSD,4445.285,4445.558,4447.569,4442.027,0.0,-0.27,user,2026-01-05 22:21:55,2026-01-05 22:23:11,,,,,,,,,,0,-0.27,75.59
sell,0.01,0.02,XAUUSD,4445.285,4442.027,4447.569,4442.027,-0.22,3.26,tp,2026-01-05 22:21:55,2026-01-05 22:26:32,,,,,,,,,,0,3.0399999999999996,78.63000000000001
buy,0.01,0.01,XAUUSD,4443.076,4442.027,4442.027,4445.979,-0.11,-1.05,sl,2026-01-05 22:28:25,2026-01-05 22:28:51,,,,,,,,,,0,-1.1600000000000001,77.47
buy,0.05,0.05,XAUUSD,4446.121,4443.706,4443.706,4448.788,-0.55,-12.08,sl,2026-01-05 22:35:18,2026-01-05 22:36:12,,,,,,,,,,0,-12.63,64.84
buy,0.05,0.05,XAUUSD,4444.953,4443.905,4442.635,4447.717,-0.55,-5.24,user,2026-01-05 22:35:51,2026-01-05 22:37:48,,,,,,,,,,0,-5.79,59.050000000000004
buy,0.05,0.05,XAUUSD,4444.575,4445.431,,,-0.55,4.28,user,2026-01-05 22:41:29,2026-01-05 22:43:06,,,,,,,,,,0,3.7300000000000004,62.78
buy,0.05,0.05,XAUUSD,4445.698,4445.533,,4455.468,-0.55,-0.82,user,2026-01-05 22:41:03,2026-01-05 22:46:38,,,,,,,,,,0,-1.37,61.410000000000004
buy,0.05,0.05,XAUUSD,4447.917,4451.307,,4454.958,-0.55,16.95,user,2026-01-05 22:49:16,2026-01-05 22:50:15,,,,,,,,,,0,16.4,77.81
buy,0.01,0.01,XAUUSD,4453.257,4448.102,,,-0.11,-5.16,user,2026-01-05 22:52:53,2026-01-05 22:56:55,,,,,,,,,,0,-5.2700000000000005,72.54
buy,0.01,0.01,XAUUSD,4452.308,4448.102,,,-0.11,-4.21,user,2026-01-05 22:55:06,2026-01-05 22:56:55,,,,,,,,,,0,-4.32,68.22
buy,0.01,0.01,XAUUSD,4451.729,4448.102,,,-0.11,-3.63,user,2026-01-05 22:55:23,2026-01-05 22:56:55,,,,,,,,,,0,-3.7399999999999998,64.47999999999999
buy,0.05,0.05,XAUUSD,4448.874,4442.677,,4457.245,-0.55,-30.98,user,2026-01-05 22:57:05,2026-01-05 22:59:37,,,,,,,,,,0,-31.53,32.95
buy,0.05,0.05,XAUUSD,4444.142,4439.378,4439.378,4452.498,-0.55,-23.82,sl,2026-01-05 22:59:13,2026-01-05 23:00:15,,,,,,,,,,0,-24.37,8.579999999999998
sell,0.05,0.05,XAUUSD,4440.188,4441.793,4445.067,4431.947,-0.55,-8.03,so,2026-01-05 23:00:54,2026-01-05 23:01:03,,,,,,,,,,0,-8.58,0.0
